timestamp,frame,left_vph,left_mrd1,right_vph,right_mrd1,name
0.035737991,0,25.07987241,13.15294644,24.0208243,12.16552506,avneesh
0.365221024,1,25.07987241,13.15294644,26.07680962,13.03840481,avneesh
0.64513278,2,25.07987241,13.15294644,26.07680962,13.03840481,avneesh
0.934376001,3,25.17935662,13.15294644,24.0,12.36931688,avneesh
1.271017075,4,24.08318916,12.16552506,25.07987241,13.03840481,avneesh
1.554999828,5,24.18677324,12.16552506,24.0208243,12.04159458,avneesh
1.853377819,6,25.17935662,13.15294644,25.01999201,13.03840481,avneesh
2.137198925,7,25.17935662,13.15294644,25.01999201,13.03840481,avneesh
2.422922134,8,25.07987241,13.34166406,25.01999201,13.03840481,avneesh
2.760164976,9,25.07987241,13.34166406,25.0,13.15294644,avneesh
3.05940485,10,23.19482701,12.16552506,24.0208243,12.04159458,avneesh
3.396060944,11,24.08318916,12.36931688,25.01999201,13.03840481,avneesh
3.677652121,12,24.08318916,12.36931688,25.01999201,13.03840481,avneesh
3.948765993,13,26.17250466,13.15294644,26.0,13.15294644,avneesh
4.243595123,14,25.07987241,13.60147051,25.0,13.15294644,avneesh
4.516448021,15,25.17935662,13.15294644,26.01922366,13.03840481,avneesh
4.80092001,16,23.08679276,12.16552506,25.01999201,13.15294644,avneesh
5.092489958,17,24.0208243,13.34166406,25.01999201,12.04159458,avneesh
5.41177702,18,25.01999201,13.34166406,25.01999201,12.04159458,avneesh
5.729259014,19,24.08318916,12.36931688,26.01922366,13.03840481,avneesh
6.071992874,20,24.08318916,12.16552506,26.01922366,13.03840481,avneesh
6.42291379,21,24.08318916,12.16552506,26.01922366,13.03840481,avneesh
6.771816015,22,24.08318916,13.15294644,25.0,13.03840481,avneesh
7.072075129,23,24.0208243,13.60147051,25.01999201,13.03840481,avneesh
7.351248026,24,24.08318916,13.34166406,25.01999201,13.03840481,avneesh
7.718776941,25,24.08318916,12.36931688,25.0,13.15294644,avneesh
8.015382767,26,25.17935662,13.15294644,25.0,12.04159458,avneesh
8.33741498,27,24.08318916,12.16552506,25.01999201,12.04159458,avneesh
8.657160044,28,25.07987241,13.34166406,26.0,13.15294644,avneesh
8.93544507,29,25.07987241,13.34166406,26.0,13.15294644,avneesh
9.228493929,30,25.07987241,13.15294644,26.01922366,13.03840481,avneesh
9.513690948,31,25.07987241,13.15294644,25.0,13.15294644,avneesh
9.801061869,32,25.07987241,13.34166406,25.07987241,13.03840481,avneesh
10.07706499,33,25.07987241,13.15294644,26.01922366,13.15294644,avneesh
10.35564494,34,26.07680962,13.34166406,26.01922366,13.15294644,avneesh
10.66157389,35,25.07987241,13.15294644,26.0,13.03840481,avneesh
10.95141602,36,24.08318916,13.15294644,25.01999201,13.15294644,avneesh
11.24185777,37,24.08318916,13.15294644,25.01999201,13.15294644,avneesh
11.52066016,38,25.17935662,13.15294644,26.01922366,13.15294644,avneesh
11.81086183,39,24.08318916,13.34166406,24.0208243,12.04159458,avneesh
12.08194804,40,26.07680962,13.34166406,27.01851217,14.14213562,avneesh
12.43677711,41,25.17935662,13.15294644,26.01922366,13.03840481,avneesh
12.747684,42,25.17935662,13.15294644,26.01922366,13.03840481,avneesh
13.1597321,43,25.07987241,13.34166406,26.01922366,13.03840481,avneesh
13.46223187,44,25.07987241,13.34166406,26.01922366,13.03840481,avneesh
13.78596807,45,23.08679276,12.36931688,25.0,13.03840481,avneesh
14.1579051,46,25.07987241,13.34166406,26.0,13.15294644,avneesh
14.46694207,47,25.17935662,13.15294644,26.01922366,13.03840481,avneesh
14.796422,48,24.18677324,13.15294644,25.01999201,13.03840481,avneesh
15.11339402,49,24.18677324,13.15294644,25.01999201,13.03840481,avneesh
15.42579484,50,25.07987241,13.34166406,25.01999201,12.16552506,avneesh
15.76175189,51,25.3179778,13.15294644,26.01922366,13.03840481,avneesh
16.09565187,52,25.3179778,13.15294644,26.01922366,13.03840481,avneesh
16.42891812,53,24.08318916,13.34166406,24.0208243,12.04159458,avneesh
16.76536202,54,25.07987241,13.34166406,27.01851217,13.15294644,avneesh
17.11675715,55,25.07987241,13.34166406,26.01922366,13.15294644,avneesh
17.46175194,56,24.08318916,13.34166406,26.01922366,13.15294644,avneesh
17.78992701,57,24.08318916,13.34166406,26.01922366,13.15294644,avneesh
18.09984016,58,26.07680962,13.15294644,26.01922366,13.15294644,avneesh
18.41052198,59,24.18677324,12.16552506,25.0,12.16552506,avneesh
18.71815109,60,25.07987241,13.15294644,26.01922366,13.15294644,avneesh
19.00366902,61,25.07987241,13.34166406,26.01922366,13.03840481,avneesh
19.31274986,62,25.07987241,13.34166406,26.01922366,13.03840481,avneesh
19.6063199,63,25.17935662,13.34166406,25.0,12.16552506,avneesh
19.90169001,64,25.07987241,13.34166406,26.01922366,13.03840481,avneesh
20.24800396,65,25.07987241,13.34166406,26.01922366,13.03840481,avneesh
20.54924989,66,26.17250466,13.34166406,27.0,14.31782106,avneesh
20.85484815,67,25.07987241,13.34166406,25.01999201,12.16552506,avneesh
21.137568,68,25.07987241,14.31782106,26.01922366,13.15294644,avneesh
21.41875601,69,24.08318916,13.15294644,25.07987241,13.03840481,avneesh
21.97849894,70,24.08318916,13.15294644,25.07987241,13.03840481,avneesh
22.28092909,71,26.07680962,13.34166406,27.01851217,13.03840481,avneesh
22.56836486,72,25.07987241,13.34166406,26.01922366,13.15294644,avneesh
22.86253095,73,24.08318916,13.15294644,25.01999201,13.15294644,avneesh
23.18848109,74,24.08318916,13.34166406,25.01999201,12.04159458,avneesh
23.50568199,75,26.17250466,14.14213562,26.01922366,13.15294644,avneesh
23.90128803,76,25.07987241,13.34166406,25.01999201,12.04159458,avneesh
24.2772069,77,25.07987241,13.34166406,28.0,14.14213562,avneesh
24.64074802,78,25.17935662,13.34166406,26.01922366,13.03840481,avneesh
24.97296906,79,25.07987241,13.15294644,25.01999201,12.16552506,avneesh
25.30716205,80,25.07987241,13.15294644,25.01999201,12.16552506,avneesh
25.61776805,81,25.07987241,13.34166406,26.01922366,13.15294644,avneesh
25.91556215,82,27.16615541,14.14213562,27.01851217,13.15294644,avneesh
26.22035599,83,26.17250466,13.15294644,28.01785145,14.14213562,avneesh
26.51617908,84,25.17935662,14.31782106,25.01999201,13.15294644,avneesh
26.83036804,85,25.17935662,13.15294644,25.0,13.15294644,avneesh
27.13249588,86,26.01922366,14.31782106,25.01999201,12.16552506,avneesh
27.44222283,87,25.17935662,13.15294644,26.01922366,13.15294644,avneesh
27.77108097,88,25.17935662,13.03840481,26.0,13.15294644,avneesh
28.11466002,89,25.17935662,13.15294644,26.0,13.15294644,avneesh
28.42711997,90,25.07987241,13.15294644,26.01922366,13.15294644,avneesh
28.83673096,91,25.07987241,13.15294644,25.0,13.34166406,avneesh
29.15490913,92,25.01999201,13.34166406,26.01922366,13.34166406,avneesh
29.57436395,93,25.01999201,13.34166406,26.01922366,13.34166406,avneesh
30.19728708,94,25.07987241,13.34166406,26.01922366,13.15294644,avneesh
31.00079608,95,26.17250466,14.03566885,26.0,13.34166406,avneesh
31.51355195,96,26.17250466,14.14213562,26.0,13.15294644,avneesh
32.01066995,97,24.08318916,13.15294644,25.01999201,12.16552506,avneesh
32.75609398,98,24.08318916,13.15294644,25.01999201,12.16552506,avneesh
33.34263301,99,26.07680962,13.34166406,27.01851217,14.14213562,avneesh
33.72627807,100,25.07987241,13.15294644,26.01922366,13.15294644,avneesh
34.08526707,101,25.07987241,13.15294644,26.01922366,13.15294644,avneesh
34.48602509,102,25.07987241,13.15294644,27.0,14.31782106,avneesh
34.81551003,103,25.07987241,13.34166406,26.0,13.15294644,avneesh
35.13821101,104,26.07680962,13.15294644,27.01851217,14.31782106,avneesh
35.48967695,105,24.08318916,13.15294644,24.0208243,12.04159458,avneesh
35.82509303,106,25.07987241,13.34166406,25.0,12.16552506,avneesh
36.14967895,107,25.07987241,13.15294644,26.01922366,13.15294644,avneesh
36.70682716,108,26.17250466,13.15294644,27.0,14.14213562,avneesh
37.05537486,109,25.07987241,13.15294644,26.01922366,13.03840481,avneesh
37.43816304,110,25.17935662,13.15294644,26.0,13.15294644,avneesh
37.84387898,111,25.17935662,13.15294644,26.0,13.15294644,avneesh
38.1912322,112,25.17935662,13.03840481,26.01922366,13.03840481,avneesh
38.54432392,113,25.17935662,13.15294644,26.0,13.15294644,avneesh
38.85855913,114,25.17935662,13.15294644,26.01922366,13.03840481,avneesh
39.17695904,115,25.07987241,13.15294644,25.0,13.15294644,avneesh
39.48777723,116,25.07987241,13.15294644,25.0,13.15294644,avneesh
39.82838011,117,26.17250466,13.03840481,26.0,13.15294644,avneesh
40.13612986,118,24.08318916,13.15294644,26.01922366,13.15294644,avneesh
40.44038296,119,24.08318916,13.15294644,26.01922366,13.15294644,avneesh
40.78015184,120,26.07680962,13.34166406,26.01922366,13.34166406,avneesh
41.09812903,121,25.07987241,13.34166406,26.01922366,13.15294644,avneesh
41.45285201,122,25.17935662,13.15294644,26.0,13.15294644,avneesh
41.880795,123,25.07987241,13.15294644,27.0,14.14213562,avneesh
42.20750809,124,25.07987241,13.15294644,27.0,14.14213562,avneesh
42.55225396,125,26.17250466,13.15294644,26.01922366,13.15294644,avneesh
42.92613411,126,25.07987241,13.34166406,26.0,13.15294644,avneesh
43.24817204,127,26.07680962,14.31782106,27.0,14.14213562,avneesh
43.59975004,128,26.07680962,14.31782106,26.0,13.15294644,avneesh
43.98884201,129,26.07680962,14.31782106,26.0,13.15294644,avneesh
44.39200997,130,26.07680962,14.31782106,26.0,13.15294644,avneesh
44.761976,131,26.07680962,13.34166406,28.0,14.14213562,avneesh
45.08220983,132,25.01999201,13.34166406,25.0,13.15294644,avneesh
45.40310001,133,23.08679276,12.16552506,23.0,12.16552506,avneesh
45.74412704,134,23.08679276,12.16552506,23.0,12.16552506,avneesh
46.08207917,135,14.03566885,7.280109889,13.15294644,7.280109889,avneesh
46.48544192,136,18.02775638,9.055385138,18.0,9.219544457,avneesh
46.85204101,137,13.0,6.32455532,12.16552506,6.32455532,avneesh
47.18855095,138,13.0,6.32455532,13.03840481,7.280109889,avneesh
47.5955112,139,10.0,5.385164807,12.36931688,7.280109889,avneesh
48.02075887,140,11.04536102,5.385164807,13.15294644,7.615773106,avneesh
48.40589905,141,12.04159458,6.708203932,13.03840481,7.280109889,avneesh
48.76085997,142,15.03329638,8.246211251,15.03329638,7.280109889,avneesh
49.08651495,143,14.0,7.280109889,15.0,7.280109889,avneesh
49.42360497,144,14.0,7.280109889,15.0,7.280109889,avneesh
49.78693104,145,15.03329638,8.544003745,16.03121954,8.246211251,avneesh
50.17324495,146,18.02775638,9.219544457,18.02775638,9.219544457,avneesh
50.51453185,147,17.11724277,9.219544457,19.0,9.055385138,avneesh
50.84950686,148,19.02629759,10.19803903,19.0,10.44030651,avneesh
51.17141318,149,19.02629759,10.19803903,19.0,10.44030651,avneesh
51.4937129,150,20.09975124,10.19803903,20.02498439,10.04987562,avneesh
51.83400202,151,21.02379604,11.18033989,22.02271555,11.04536102,avneesh
52.13491106,152,22.02271555,11.18033989,22.0,11.18033989,avneesh
52.49559617,153,21.02379604,11.18033989,22.02271555,11.04536102,avneesh
53.88472509,154,22.02271555,12.16552506,22.0,11.18033989,avneesh
54.85337782,155,22.09072203,12.16552506,23.0,11.40175425,avneesh
55.62391901,156,22.09072203,12.16552506,22.0,11.18033989,avneesh
56.16472602,157,22.09072203,12.16552506,22.0,11.18033989,avneesh
56.60008883,158,23.02172887,12.36931688,23.02172887,12.04159458,avneesh
57.0141232,159,23.08679276,12.36931688,23.0,12.36931688,avneesh
57.35677695,160,23.08679276,12.36931688,25.01999201,13.15294644,avneesh
57.71767521,161,24.08318916,13.15294644,24.0,12.36931688,avneesh
58.09881997,162,24.08318916,13.15294644,24.0,12.36931688,avneesh
58.47632289,163,24.08318916,13.15294644,25.01999201,13.15294644,avneesh
58.79670405,164,24.0208243,13.15294644,24.0,12.36931688,avneesh
59.46665001,165,24.0208243,13.15294644,24.0,12.36931688,avneesh
59.91920805,166,24.08318916,13.15294644,25.01999201,12.16552506,avneesh
60.23920703,167,24.18677324,12.04159458,25.0,13.15294644,avneesh
60.59486914,168,24.08318916,13.34166406,25.0,12.16552506,avneesh
60.952106,169,26.17250466,14.14213562,26.01922366,13.03840481,avneesh
61.26896501,170,25.17935662,13.34166406,25.0,12.16552506,avneesh
61.60454297,171,25.17935662,12.16552506,25.0,12.36931688,avneesh
61.95436406,172,25.17935662,13.15294644,25.0,13.15294644,avneesh
62.26998997,173,25.17935662,13.34166406,25.01999201,12.36931688,avneesh
62.60612702,174,25.17935662,13.34166406,26.0,12.16552506,avneesh
62.95638204,175,25.17935662,13.34166406,26.0,12.16552506,avneesh
63.28444815,176,25.17935662,13.15294644,26.01922366,13.03840481,avneesh
63.68829083,177,25.17935662,13.34166406,26.0,13.15294644,avneesh
64.03919291,178,25.17935662,13.15294644,24.0,12.16552506,avneesh
64.42536616,179,26.17250466,13.15294644,25.0,12.36931688,avneesh
64.75830889,180,25.17935662,13.15294644,26.0,13.34166406,avneesh
65.08297515,181,25.17935662,13.34166406,25.01999201,12.36931688,avneesh
65.39914894,182,25.17935662,13.15294644,26.0,13.15294644,avneesh
65.79524803,183,25.17935662,13.15294644,26.0,13.15294644,avneesh
66.11914301,184,26.17250466,14.14213562,27.0,14.31782106,avneesh
66.44665003,185,26.17250466,14.14213562,26.0,13.34166406,avneesh
66.83616495,186,27.29468813,14.14213562,26.0,13.34166406,avneesh
67.21954489,187,25.07987241,13.15294644,25.0,12.36931688,avneesh
67.68803,188,25.17935662,13.34166406,26.0,13.15294644,avneesh
68.49529791,189,26.17250466,13.15294644,25.0,13.34166406,avneesh
68.89006591,190,26.17250466,13.15294644,25.0,12.16552506,avneesh
69.23392105,191,26.17250466,13.15294644,25.0,12.16552506,avneesh
69.71057892,192,25.17935662,13.34166406,26.0,12.16552506,avneesh
70.07032609,193,26.07680962,14.31782106,26.0,12.16552506,avneesh
70.43164802,194,26.17250466,13.15294644,26.0,12.36931688,avneesh
70.80670714,195,26.30589288,14.14213562,26.01922366,12.16552506,avneesh
71.19233012,196,26.17250466,13.15294644,26.0,12.36931688,avneesh
71.58217621,197,27.16615541,14.31782106,28.0,14.31782106,avneesh
71.96729517,198,27.16615541,14.14213562,26.0,13.15294644,avneesh
72.29046702,199,27.16615541,14.31782106,27.0,13.34166406,avneesh
72.767627,200,27.16615541,14.14213562,27.01851217,13.34166406,avneesh
73.65673518,201,25.17935662,13.15294644,26.0,13.15294644,avneesh
74.48975086,202,25.17935662,13.15294644,26.0,13.15294644,avneesh
75.18292308,203,27.29468813,14.14213562,27.0,13.15294644,avneesh
75.70772696,204,27.16615541,14.31782106,27.01851217,13.15294644,avneesh
77.09412217,205,28.0713377,15.29705854,27.01851217,13.15294644,avneesh
78.37716889,206,26.07680962,14.56021978,27.0,14.14213562,avneesh
79.5781939,207,26.07680962,14.56021978,27.0,14.14213562,avneesh
80.36090207,208,26.07680962,14.31782106,27.01851217,13.15294644,avneesh
81.31359124,209,26.07680962,13.34166406,26.0,13.15294644,avneesh
82.24455786,210,26.17250466,14.31782106,26.01922366,13.03840481,avneesh
82.89702892,211,26.17250466,14.31782106,26.01922366,13.15294644,avneesh
83.38382387,212,25.17935662,13.15294644,26.0,12.16552506,avneesh
84.00782609,213,26.17250466,14.56021978,26.01922366,13.34166406,avneesh
84.74378395,214,27.07397274,14.31782106,26.0,13.03840481,avneesh
85.39000106,215,27.07397274,14.31782106,26.0,13.03840481,avneesh
85.88866282,216,26.07680962,13.15294644,25.01999201,12.16552506,avneesh
86.38747191,217,26.07680962,14.14213562,26.01922366,13.34166406,avneesh
86.78294587,218,25.01999201,13.34166406,25.01999201,12.36931688,avneesh
87.18027306,219,26.07680962,13.15294644,27.01851217,13.15294644,avneesh
87.57894516,220,26.07680962,14.03566885,26.01922366,13.15294644,avneesh
88.08773208,221,24.08318916,13.15294644,26.0,13.15294644,avneesh
88.50451303,222,26.07680962,14.14213562,25.0,13.34166406,avneesh
88.92287707,223,26.07680962,14.14213562,25.0,13.34166406,avneesh
89.38396907,224,25.07987241,13.15294644,26.01922366,13.15294644,avneesh
89.76999998,225,27.07397274,14.14213562,26.01922366,13.03840481,avneesh
90.12038112,226,26.07680962,13.15294644,26.01922366,13.15294644,avneesh
90.51417303,227,26.07680962,13.15294644,25.0,13.15294644,avneesh
90.89454293,228,25.07987241,13.34166406,26.01922366,13.03840481,avneesh
91.264359,229,26.07680962,14.31782106,26.0,13.15294644,avneesh
91.64507294,230,25.07987241,13.15294644,26.01922366,13.15294644,avneesh
92.02757597,231,25.01999201,13.34166406,25.0,12.36931688,avneesh
92.47336698,232,25.07987241,13.15294644,25.0,12.16552506,avneesh
93.004673,233,26.07680962,13.15294644,25.0,13.15294644,avneesh
93.41144395,234,25.07987241,13.34166406,26.01922366,13.03840481,avneesh
93.76002693,235,25.07987241,13.34166406,25.0,12.16552506,avneesh
94.08144689,236,25.17935662,13.15294644,25.0,12.16552506,avneesh
94.40040398,237,25.07987241,13.34166406,26.0,13.15294644,avneesh
94.71410394,238,25.07987241,13.34166406,26.01922366,13.03840481,avneesh
95.02276802,239,25.07987241,13.34166406,26.01922366,13.03840481,avneesh
95.33098602,240,25.17935662,13.15294644,25.0,12.16552506,avneesh
95.66730618,241,25.07987241,13.34166406,25.01999201,13.15294644,avneesh
95.98158503,242,24.0208243,13.34166406,26.01922366,13.15294644,avneesh
96.27716208,243,25.07987241,13.34166406,26.0,13.15294644,avneesh
96.58038592,244,25.07987241,13.34166406,26.0,13.15294644,avneesh
96.88584614,245,25.07987241,13.34166406,25.01999201,12.16552506,avneesh
97.17979813,246,24.08318916,13.34166406,25.01999201,13.15294644,avneesh
97.48455215,247,26.07680962,13.15294644,26.01922366,13.15294644,avneesh
97.80181479,248,26.07680962,14.31782106,26.01922366,13.15294644,avneesh
98.23395801,249,26.07680962,14.31782106,26.01922366,13.15294644,avneesh
98.57867002,250,26.17250466,14.14213562,26.01922366,13.15294644,avneesh
98.96985507,251,25.17935662,13.15294644,25.01999201,13.34166406,avneesh
99.30225897,252,25.07987241,13.15294644,25.01999201,12.16552506,avneesh
99.66045594,253,25.07987241,13.60147051,25.0,12.04159458,avneesh
99.98881912,254,25.07987241,13.60147051,25.0,12.04159458,avneesh
100.3581588,255,25.17935662,13.03840481,25.0,12.16552506,avneesh
100.682009,256,25.07987241,13.15294644,25.0,13.15294644,avneesh
101.0359781,257,25.07987241,13.15294644,25.0,13.15294644,avneesh
101.3708591,258,25.17935662,13.03840481,26.01922366,13.15294644,avneesh
101.7623651,259,26.17250466,13.15294644,26.0,13.15294644,avneesh
102.3103719,260,27.16615541,14.31782106,27.0,14.14213562,avneesh
102.6331658,261,27.16615541,14.31782106,26.0,13.15294644,avneesh
103.063328,262,27.16615541,14.14213562,27.0,13.15294644,avneesh
103.387145,263,27.29468813,14.14213562,27.0,13.15294644,avneesh
103.7481492,264,27.29468813,14.14213562,27.0,13.15294644,avneesh
104.0817509,265,27.16615541,14.14213562,27.0,13.03840481,avneesh
104.415411,266,27.16615541,14.14213562,27.01851217,13.15294644,avneesh
104.76896,267,27.16615541,14.14213562,27.01851217,13.15294644,avneesh
105.0625482,268,27.16615541,14.14213562,26.0,13.15294644,avneesh
105.387569,269,26.17250466,14.14213562,25.0,12.16552506,avneesh
105.694114,270,27.07397274,14.31782106,26.0,13.15294644,avneesh
105.9969881,271,26.07680962,13.15294644,25.0,12.16552506,avneesh
106.3006539,272,26.07680962,13.15294644,25.0,12.16552506,avneesh
106.6366529,273,27.16615541,14.14213562,27.01851217,13.15294644,avneesh
106.9541671,274,29.15475947,15.13274595,29.01723626,14.14213562,avneesh
107.24335,275,29.15475947,15.13274595,29.01723626,14.14213562,avneesh
107.5736001,276,27.16615541,14.14213562,27.0,13.34166406,avneesh
107.875834,277,26.17250466,14.14213562,25.01999201,12.16552506,avneesh
108.1958511,278,28.16025568,14.14213562,26.01922366,13.15294644,avneesh
108.528146,279,29.27456234,15.03329638,28.01785145,14.31782106,avneesh
108.9128449,280,29.27456234,15.03329638,28.01785145,14.31782106,avneesh
109.256304,281,27.07397274,14.14213562,26.01922366,13.34166406,avneesh
109.584244,282,26.17250466,14.03566885,27.01851217,13.34166406,avneesh
109.9475369,283,27.16615541,14.03566885,27.01851217,13.34166406,avneesh
110.2616391,284,28.16025568,14.14213562,26.01922366,13.15294644,avneesh
110.6232102,285,28.16025568,14.14213562,26.01922366,13.15294644,avneesh
110.977968,286,27.16615541,14.03566885,28.0,13.34166406,avneesh
111.2919581,287,27.16615541,14.03566885,27.0,12.36931688,avneesh
111.614445,288,27.16615541,14.03566885,27.01851217,13.15294644,avneesh
111.9460618,289,27.16615541,14.14213562,27.01851217,13.34166406,avneesh
112.250484,290,28.16025568,14.03566885,28.0,14.31782106,avneesh
112.6038461,291,28.16025568,14.14213562,28.01785145,14.31782106,avneesh
112.945848,292,27.16615541,14.03566885,27.0,13.60147051,avneesh
113.276268,293,29.27456234,15.03329638,28.01785145,14.31782106,avneesh
113.6026421,294,28.16025568,14.03566885,28.0,14.56021978,avneesh
113.9478312,295,27.16615541,14.03566885,27.01851217,13.34166406,avneesh
114.260879,296,27.16615541,14.03566885,27.01851217,13.34166406,avneesh
114.6639519,297,28.16025568,14.03566885,28.01785145,14.31782106,avneesh
115.124315,298,27.16615541,14.03566885,27.01851217,13.34166406,avneesh
115.459239,299,27.16615541,14.03566885,26.0,13.60147051,avneesh
115.7800081,300,27.16615541,14.03566885,27.0,13.60147051,avneesh
116.0802579,301,27.16615541,14.03566885,27.0,13.60147051,avneesh
116.4416189,302,26.17250466,14.03566885,26.0,13.34166406,avneesh
116.8348539,303,29.27456234,15.0,29.0,14.56021978,avneesh
117.1267211,304,28.16025568,14.03566885,27.01851217,13.15294644,avneesh
117.4412041,305,28.16025568,14.03566885,26.0,13.34166406,avneesh
117.7525961,306,28.16025568,14.03566885,26.0,13.34166406,avneesh
118.037364,307,27.16615541,14.03566885,27.0,13.60147051,avneesh
118.353235,308,27.16615541,14.03566885,26.01922366,13.34166406,avneesh
118.6439252,309,27.16615541,14.03566885,26.01922366,13.34166406,avneesh
118.927156,310,27.16615541,14.03566885,27.01851217,13.60147051,avneesh
119.2355649,311,29.06888371,15.13274595,28.01785145,14.31782106,avneesh
119.598738,312,28.16025568,14.03566885,27.01851217,13.15294644,avneesh
120.010293,313,28.16025568,14.03566885,28.01785145,14.31782106,avneesh
120.3478429,314,28.16025568,14.03566885,28.01785145,14.31782106,avneesh
120.7427008,315,27.16615541,14.14213562,27.01851217,13.34166406,avneesh
121.0394661,316,29.15475947,15.13274595,29.01723626,14.31782106,avneesh
121.3536839,317,27.16615541,13.03840481,27.01851217,13.15294644,avneesh
121.667135,318,28.16025568,14.03566885,28.01785145,14.31782106,avneesh
121.9752018,319,26.07680962,13.15294644,27.01851217,13.03840481,avneesh
122.279258,320,22.09072203,11.18033989,23.0,11.40175425,avneesh
122.577466,321,19.10497317,10.19803903,20.0,9.219544457,avneesh
122.90312,322,17.11724277,9.219544457,19.02629759,9.219544457,avneesh
123.2106688,323,16.0,8.246211251,16.03121954,8.246211251,avneesh
123.5230319,324,13.03840481,7.071067812,14.14213562,7.615773106,avneesh
123.8609931,325,13.03840481,7.071067812,14.14213562,7.615773106,avneesh
124.170929,326,15.0,7.280109889,15.03329638,7.615773106,avneesh
124.4762578,327,15.03329638,7.071067812,14.03566885,7.280109889,avneesh
124.7837889,328,14.0,7.280109889,13.15294644,6.708203932,avneesh
125.070735,329,13.0,7.615773106,13.03840481,6.32455532,avneesh
125.4261642,330,13.0,7.615773106,13.03840481,6.32455532,avneesh
126.0598822,331,13.03840481,6.32455532,13.15294644,6.32455532,avneesh
126.8824549,332,13.0,6.708203932,14.14213562,7.280109889,avneesh
127.323133,333,13.0,6.708203932,14.14213562,7.280109889,avneesh
127.6739411,334,16.03121954,8.544003745,18.02775638,9.055385138,avneesh
128.0200531,335,13.0,7.615773106,13.03840481,6.08276253,avneesh
128.366194,336,17.02938637,9.219544457,18.02775638,9.219544457,avneesh
128.7207489,337,16.03121954,8.246211251,17.02938637,8.246211251,avneesh
129.0616012,338,16.03121954,8.246211251,17.02938637,8.246211251,avneesh
129.421767,339,20.02498439,10.44030651,20.02498439,10.19803903,avneesh
129.775764,340,19.10497317,10.19803903,19.02629759,9.219544457,avneesh
130.0950899,341,20.09975124,10.19803903,21.02379604,10.19803903,avneesh
130.433707,342,20.09975124,10.19803903,21.0,11.04536102,avneesh
130.7992122,343,20.09975124,10.19803903,21.0,11.04536102,avneesh
131.1133709,344,22.09072203,11.18033989,23.0,11.18033989,avneesh
131.448967,345,22.20360331,11.18033989,22.02271555,11.18033989,avneesh
131.841563,346,23.08679276,11.40175425,24.0208243,12.36931688,avneesh
132.1856899,347,23.08679276,11.18033989,25.01999201,12.16552506,avneesh
132.5389662,348,23.08679276,11.18033989,25.01999201,12.16552506,avneesh
132.961385,349,25.07987241,13.15294644,25.0,12.16552506,avneesh
133.2923229,350,24.08318916,12.16552506,24.0,12.16552506,avneesh
133.6335802,351,25.17935662,13.15294644,25.0,12.16552506,avneesh
133.9662371,352,25.17935662,12.16552506,25.0,12.16552506,avneesh
134.311748,353,25.17935662,13.15294644,25.01999201,13.15294644,avneesh
134.6505561,354,25.17935662,13.34166406,26.0,13.15294644,avneesh
134.9747701,355,24.08318916,12.36931688,25.0,12.16552506,avneesh
135.2945051,356,25.07987241,12.36931688,25.0,12.16552506,avneesh
135.6117611,357,25.07987241,12.16552506,25.01999201,12.04159458,avneesh
135.966969,358,25.07987241,12.16552506,25.01999201,12.04159458,avneesh
136.3249769,359,24.08318916,12.16552506,25.01999201,12.04159458,avneesh
136.637989,360,25.17935662,13.15294644,24.0,12.36931688,avneesh
136.9629641,361,25.17935662,13.15294644,24.0,12.36931688,avneesh
137.272877,362,25.07987241,12.36931688,25.01999201,12.16552506,avneesh
137.6134732,363,24.08318916,12.36931688,25.0,12.16552506,avneesh
137.9296391,364,26.17250466,14.14213562,26.01922366,12.16552506,avneesh
138.256856,365,26.17250466,13.15294644,26.01922366,13.15294644,avneesh
138.6203811,366,26.17250466,13.15294644,26.01922366,13.15294644,avneesh
138.982408,367,25.17935662,12.16552506,25.0,12.16552506,avneesh
139.3153729,368,25.17935662,13.15294644,26.0,12.36931688,avneesh
139.7336919,369,26.17250466,13.03840481,25.01999201,12.16552506,avneesh
140.1185629,370,26.07680962,13.15294644,26.0,12.36931688,avneesh
140.4875321,371,26.07680962,13.15294644,26.0,12.36931688,avneesh
140.889318,372,24.18677324,12.16552506,24.0,12.36931688,avneesh
141.2592731,373,27.16615541,14.14213562,27.01851217,13.15294644,avneesh
141.797353,374,26.17250466,13.03840481,26.01922366,13.15294644,avneesh
142.1222701,375,26.17250466,13.03840481,26.0,12.16552506,avneesh
142.4869468,376,26.17250466,13.03840481,26.0,12.16552506,avneesh
142.8451941,377,26.17250466,14.03566885,26.0,13.34166406,avneesh
143.403007,378,27.16615541,14.03566885,26.01922366,13.15294644,avneesh
144.1235569,379,27.16615541,14.03566885,26.01922366,13.15294644,avneesh
144.6325071,380,27.16615541,14.14213562,25.01999201,12.36931688,avneesh
145.615525,381,27.16615541,14.14213562,26.0,12.36931688,avneesh
146.2653441,382,26.17250466,13.15294644,26.0,13.60147051,avneesh
146.642205,383,25.17935662,13.03840481,25.01999201,12.16552506,avneesh
146.9895692,384,28.16025568,14.03566885,27.0,13.34166406,avneesh
147.3252492,385,28.16025568,14.14213562,27.01851217,13.34166406,avneesh
147.664741,386,26.17250466,13.15294644,26.01922366,13.15294644,avneesh
147.9925499,387,26.17250466,13.15294644,24.0,12.36931688,avneesh
148.3285599,388,21.02379604,11.18033989,22.0,11.18033989,avneesh
148.7692571,389,20.09975124,10.19803903,21.0,10.19803903,avneesh
149.0706289,390,13.03840481,7.280109889,13.15294644,6.708203932,avneesh
149.383539,391,11.0,5.385164807,12.36931688,7.211102551,avneesh
149.6964109,392,11.0,5.385164807,12.36931688,7.211102551,avneesh
150.10917,393,14.03566885,7.071067812,13.15294644,6.708203932,avneesh
150.4193418,394,13.03840481,6.32455532,12.04159458,6.32455532,avneesh
150.824476,395,14.0,7.071067812,13.15294644,6.708203932,avneesh
151.1222391,396,14.0,7.280109889,14.03566885,7.615773106,avneesh
151.427377,397,14.0,7.280109889,14.03566885,7.615773106,avneesh
151.7516739,398,13.03840481,6.32455532,13.15294644,6.32455532,avneesh
152.046385,399,11.0,5.385164807,11.04536102,5.385164807,avneesh
152.3527691,400,14.14213562,7.071067812,15.03329638,7.071067812,avneesh
152.6833351,401,18.02775638,9.219544457,19.02629759,9.219544457,avneesh
152.9933341,402,15.0,7.280109889,15.03329638,7.615773106,avneesh
153.328501,403,18.11077028,9.055385138,18.02775638,9.219544457,avneesh
153.7002931,404,19.10497317,10.19803903,21.02379604,10.44030651,avneesh
154.0986168,405,19.10497317,10.19803903,21.02379604,10.44030651,avneesh
154.4506662,406,20.09975124,10.19803903,20.02498439,10.19803903,avneesh
154.787137,407,20.09975124,10.19803903,20.02498439,10.44030651,avneesh
155.1074891,408,21.09502311,10.19803903,21.0,10.19803903,avneesh
155.4550722,409,23.08679276,11.18033989,23.02172887,11.18033989,avneesh
155.9012849,410,23.08679276,11.18033989,23.02172887,11.18033989,avneesh
156.2336459,411,23.08679276,11.18033989,22.0,11.18033989,avneesh
156.6386011,412,23.08679276,12.16552506,23.02172887,11.40175425,avneesh
156.9749441,413,23.19482701,12.04159458,24.0208243,11.40175425,avneesh
157.3070791,414,24.08318916,12.16552506,25.0,12.36931688,avneesh
157.6603999,415,25.17935662,13.03840481,25.0,12.16552506,avneesh
158.001848,416,24.08318916,12.16552506,23.02172887,11.40175425,avneesh
158.3847971,417,24.08318916,13.15294644,25.0,12.36931688,avneesh
158.7204719,418,25.17935662,13.15294644,26.0,12.36931688,avneesh
159.0735481,419,25.07987241,12.16552506,25.0,12.36931688,avneesh
159.414722,420,25.17935662,13.03840481,25.0,12.16552506,avneesh
159.7399352,421,26.17250466,13.03840481,25.0,12.36931688,avneesh
160.107975,422,26.17250466,13.03840481,25.01999201,12.16552506,avneesh
160.442894,423,26.17250466,13.03840481,25.01999201,12.16552506,avneesh
160.8785131,424,25.07987241,13.15294644,25.0,12.36931688,avneesh
161.2090478,425,24.08318916,12.36931688,26.0,13.34166406,avneesh
161.550658,426,26.17250466,14.03566885,26.01922366,12.16552506,avneesh
161.8866069,427,26.17250466,13.34166406,25.01999201,12.16552506,avneesh
162.210078,428,26.17250466,13.34166406,25.01999201,12.16552506,avneesh
162.6876602,429,26.17250466,13.03840481,25.0,12.36931688,avneesh
163.0691218,430,26.17250466,13.34166406,26.0,12.16552506,avneesh
163.4353571,431,26.17250466,13.15294644,26.0,13.34166406,avneesh
163.7937438,432,25.3179778,13.15294644,25.0,12.16552506,avneesh
164.1391902,433,25.3179778,13.15294644,25.0,12.16552506,avneesh
164.521636,434,25.17935662,12.16552506,25.0,12.16552506,avneesh
164.8727629,435,26.17250466,13.34166406,25.01999201,12.16552506,avneesh
165.2486889,436,26.17250466,13.34166406,27.01851217,13.15294644,avneesh
165.6956718,437,27.29468813,14.03566885,28.0,14.14213562,avneesh
166.1064768,438,26.17250466,13.34166406,26.01922366,13.15294644,avneesh
166.525265,439,26.17250466,13.15294644,27.01851217,13.03840481,avneesh
166.9097161,440,27.16615541,14.14213562,27.0,13.15294644,avneesh
167.3333342,441,27.16615541,14.14213562,27.0,13.15294644,avneesh
167.8217402,442,27.16615541,14.31782106,26.01922366,13.03840481,avneesh
168.190418,443,26.07680962,13.34166406,27.0,13.03840481,avneesh
168.7216721,444,27.16615541,14.31782106,28.0,13.15294644,avneesh
169.0655482,445,26.17250466,13.34166406,25.0,12.16552506,avneesh
169.595108,446,27.16615541,14.31782106,27.0,13.15294644,avneesh
170.592103,447,27.16615541,14.31782106,27.0,13.34166406,avneesh
171.1992249,448,26.17250466,13.15294644,26.01922366,13.15294644,avneesh
171.6521938,449,26.17250466,13.15294644,26.01922366,13.15294644,avneesh
172.1534581,450,22.09072203,11.18033989,23.0,11.18033989,avneesh
172.5241611,451,18.02775638,9.219544457,20.02498439,10.19803903,avneesh
172.8752601,452,18.02775638,9.219544457,20.02498439,10.19803903,avneesh
173.235744,453,14.0,7.615773106,13.03840481,6.08276253,avneesh
173.6276171,454,13.0,6.32455532,12.16552506,6.32455532,avneesh
173.9653971,455,13.0,6.32455532,13.15294644,6.32455532,avneesh
174.279506,456,13.0,7.615773106,13.15294644,6.32455532,avneesh
174.6231749,457,13.0,7.615773106,13.15294644,6.32455532,avneesh
174.937362,458,13.0,7.615773106,13.03840481,7.280109889,avneesh
175.249635,459,13.0,6.708203932,13.15294644,6.32455532,avneesh
175.6116719,460,13.0,6.708203932,14.03566885,7.071067812,avneesh
176.013109,461,14.03566885,7.280109889,15.13274595,7.280109889,avneesh
176.3252089,462,14.03566885,7.280109889,15.13274595,7.280109889,avneesh
176.6811759,463,18.02775638,9.219544457,18.02775638,9.219544457,avneesh
177.0399709,464,16.03121954,8.246211251,16.1245155,8.544003745,avneesh
177.3790171,465,16.03121954,8.246211251,16.1245155,8.544003745,avneesh
177.6821561,466,18.02775638,9.219544457,19.02629759,9.486832981,avneesh
178.0288432,467,19.02629759,9.219544457,19.10497317,9.486832981,avneesh
178.436466,468,21.09502311,11.18033989,22.02271555,11.40175425,avneesh
178.8026791,469,22.09072203,11.18033989,22.0,10.19803903,avneesh
179.1590481,470,22.09072203,11.18033989,22.0,10.19803903,avneesh
179.5414381,471,22.20360331,11.04536102,22.0,10.19803903,avneesh
179.8770871,472,22.09072203,11.18033989,22.02271555,10.19803903,avneesh
180.258642,473,23.08679276,11.18033989,23.0,11.18033989,avneesh
180.740274,474,23.08679276,12.36931688,23.02172887,11.40175425,avneesh
181.2286522,475,24.08318916,12.16552506,25.01999201,12.36931688,avneesh
181.6400239,476,24.18677324,12.04159458,25.01999201,12.36931688,avneesh
181.9950061,477,24.18677324,12.16552506,23.0,11.40175425,avneesh
182.3301489,478,24.18677324,12.16552506,23.0,11.40175425,avneesh
182.6829069,479,25.17935662,13.15294644,25.0,12.16552506,avneesh
183.0008769,480,25.17935662,13.15294644,24.0,12.36931688,avneesh
183.316236,481,24.08318916,12.16552506,26.0,12.36931688,avneesh
183.6348569,482,24.18677324,12.16552506,25.01999201,12.36931688,avneesh
183.950439,483,24.18677324,12.16552506,25.01999201,12.36931688,avneesh
184.2648621,484,25.07987241,12.16552506,25.0,12.36931688,avneesh
184.6392269,485,25.17935662,12.04159458,25.01999201,12.64911064,avneesh
185.0746379,486,25.17935662,13.03840481,25.0,12.16552506,avneesh
185.377568,487,24.08318916,12.16552506,25.0,12.16552506,avneesh
185.6936631,488,26.07680962,13.15294644,25.0,12.16552506,avneesh
186.0510302,489,26.17250466,14.14213562,26.0,13.15294644,avneesh
186.3630559,490,26.17250466,13.15294644,26.0,13.34166406,avneesh
186.688086,491,26.17250466,13.15294644,26.0,13.34166406,avneesh
187.0143509,492,26.07680962,14.14213562,25.01999201,12.36931688,avneesh
187.3276241,493,26.17250466,13.15294644,26.01922366,13.15294644,avneesh
187.658354,494,26.17250466,13.03840481,26.01922366,13.15294644,avneesh
187.957114,495,25.17935662,13.15294644,26.0,12.36931688,avneesh
188.257055,496,25.17935662,13.15294644,26.0,12.36931688,avneesh
188.583185,497,26.17250466,13.03840481,26.01922366,13.15294644,avneesh
188.9814029,498,25.17935662,13.15294644,25.01999201,12.16552506,avneesh
189.344033,499,25.17935662,13.15294644,25.01999201,12.16552506,avneesh
189.6622832,500,26.17250466,13.15294644,26.01922366,13.15294644,avneesh
189.974154,501,26.17250466,13.03840481,25.01999201,12.16552506,avneesh
190.2833769,502,26.07680962,13.34166406,26.01922366,13.15294644,avneesh
190.6453431,503,27.07397274,14.14213562,26.01922366,13.15294644,avneesh
190.9566522,504,26.17250466,13.15294644,27.01851217,13.15294644,avneesh
191.2919278,505,27.07397274,14.14213562,27.0,13.34166406,avneesh
191.643003,506,27.16615541,14.14213562,26.01922366,13.34166406,avneesh
192.0220959,507,26.17250466,14.14213562,27.01851217,13.15294644,avneesh
192.4026341,508,28.16025568,14.31782106,27.0,13.34166406,avneesh
192.794467,509,26.07680962,13.15294644,26.01922366,13.15294644,avneesh
193.230031,510,27.16615541,14.14213562,27.01851217,13.15294644,avneesh
193.6354818,511,27.16615541,14.14213562,28.01785145,14.31782106,avneesh
194.0086219,512,27.16615541,14.14213562,28.01785145,14.31782106,avneesh
194.338588,513,23.08679276,11.18033989,23.0,11.04536102,avneesh
194.715215,514,22.20360331,11.04536102,22.0,11.18033989,avneesh
195.0619171,515,17.02938637,9.219544457,17.02938637,8.246211251,avneesh
195.3920929,516,14.03566885,7.071067812,14.03566885,7.615773106,avneesh
195.7296321,517,14.03566885,7.071067812,14.03566885,7.615773106,avneesh
196.052372,518,15.03329638,7.280109889,15.03329638,7.615773106,avneesh
196.425935,519,14.03566885,7.615773106,14.14213562,7.615773106,avneesh
196.798981,520,12.0,6.32455532,12.04159458,6.708203932,avneesh
197.1192651,521,14.0,7.280109889,13.03840481,6.32455532,avneesh
197.4443431,522,12.04159458,6.08276253,12.04159458,6.708203932,avneesh
197.786128,523,12.0,6.708203932,12.16552506,6.708203932,avneesh
198.104465,524,13.0,6.32455532,13.03840481,6.32455532,avneesh
198.4214339,525,13.0,6.32455532,13.03840481,6.32455532,avneesh
198.730227,526,16.03121954,8.246211251,16.03121954,8.544003745,avneesh
199.0373058,527,17.11724277,9.055385138,17.0,8.246211251,avneesh
199.3399661,528,19.10497317,10.04987562,19.02629759,9.486832981,avneesh
199.6323731,529,19.10497317,9.219544457,20.09975124,10.44030651,avneesh
199.96313,530,19.10497317,9.219544457,20.09975124,10.44030651,avneesh
200.2793419,531,21.09502311,11.04536102,21.02379604,10.44030651,avneesh
200.7246969,532,20.02498439,10.19803903,20.0,10.44030651,avneesh
201.0358391,533,20.02498439,10.19803903,20.0,10.44030651,avneesh
201.366586,534,23.08679276,11.18033989,23.0,11.18033989,avneesh
201.9830749,535,23.08679276,12.04159458,24.0,12.36931688,avneesh
202.28441,536,23.08679276,12.04159458,23.02172887,11.40175425,avneesh
202.594291,537,24.08318916,12.04159458,24.0,11.40175425,avneesh
202.9169271,538,24.18677324,12.0,25.0,13.34166406,avneesh
203.247215,539,25.07987241,13.15294644,25.0,12.36931688,avneesh
203.600399,540,24.18677324,12.04159458,24.0208243,12.36931688,avneesh
203.9950991,541,24.18677324,12.04159458,24.0208243,12.36931688,avneesh
204.324708,542,25.17935662,12.04159458,25.0,12.16552506,avneesh
204.7330871,543,25.07987241,12.16552506,25.0,12.36931688,avneesh
205.0546091,544,25.07987241,12.16552506,25.0,12.36931688,avneesh
205.497829,545,25.17935662,12.04159458,25.0,12.36931688,avneesh
205.9575379,546,27.16615541,14.03566885,26.01922366,13.34166406,avneesh
206.3569679,547,26.17250466,13.03840481,26.0,12.36931688,avneesh
206.738167,548,26.17250466,13.03840481,26.0,12.36931688,avneesh
207.0682719,549,26.17250466,13.03840481,26.0,12.36931688,avneesh
207.3859751,550,26.17250466,13.03840481,27.0,13.34166406,avneesh
207.7436321,551,28.16025568,14.03566885,28.01785145,14.31782106,avneesh
208.0999091,552,27.16615541,14.03566885,27.0,13.60147051,avneesh
208.5476031,553,28.16025568,14.03566885,28.01785145,14.14213562,avneesh
208.995677,554,28.16025568,14.03566885,28.01785145,14.14213562,avneesh
209.4114041,555,27.16615541,14.03566885,27.01851217,13.34166406,avneesh
209.8297861,556,26.17250466,13.03840481,27.01851217,13.34166406,avneesh
210.211611,557,26.17250466,13.03840481,27.01851217,13.34166406,avneesh
211.318557,558,27.07397274,14.03566885,27.01851217,13.15294644,avneesh
211.7031009,559,28.16025568,14.03566885,27.0,13.34166406,avneesh
212.0769401,560,27.16615541,14.0,26.0,13.34166406,avneesh
212.4933441,561,27.16615541,14.03566885,27.01851217,13.34166406,avneesh
212.921617,562,27.16615541,14.03566885,27.01851217,13.34166406,avneesh
213.2886801,563,23.08679276,11.04536102,22.0,11.40175425,avneesh
213.756037,564,18.11077028,9.055385138,19.0,9.219544457,avneesh
214.39413,565,14.03566885,7.280109889,15.03329638,8.246211251,avneesh
214.9375188,566,12.0,6.08276253,12.16552506,6.708203932,avneesh
215.4563081,567,12.04159458,6.08276253,12.04159458,6.32455532,avneesh
215.838016,568,14.0,7.071067812,14.03566885,7.615773106,avneesh
216.2048972,569,14.0,7.071067812,14.03566885,7.280109889,avneesh
216.6185088,570,14.0,7.280109889,15.0,7.280109889,avneesh
216.9995589,571,13.0,6.32455532,13.03840481,6.32455532,avneesh
217.365613,572,13.0,6.32455532,14.03566885,7.615773106,avneesh
217.9629121,573,13.0,6.32455532,14.03566885,7.615773106,avneesh
218.3351331,574,13.03840481,6.08276253,15.13274595,8.246211251,avneesh
218.9389641,575,16.03121954,8.062257748,17.11724277,8.544003745,avneesh
219.376025,576,17.02938637,9.0,18.02775638,9.486832981,avneesh
219.7440002,577,16.1245155,8.0,17.0,8.544003745,avneesh
220.1195631,578,17.11724277,9.055385138,18.02775638,9.486832981,avneesh
220.4724708,579,18.11077028,9.219544457,18.02775638,9.486832981,avneesh
220.813097,580,19.02629759,9.219544457,20.02498439,10.44030651,avneesh
221.1821752,581,19.02629759,9.219544457,20.02498439,10.44030651,avneesh
221.5071771,582,22.09072203,11.18033989,21.0,10.44030651,avneesh
221.9329891,583,22.09072203,11.04536102,21.0,10.44030651,avneesh
222.253732,584,23.08679276,11.04536102,23.0,11.40175425,avneesh
222.676518,585,23.19482701,12.04159458,24.0208243,12.64911064,avneesh
223.07956,586,23.08679276,12.16552506,24.0,11.40175425,avneesh
223.50245519999999,587,24.08318916,12.16552506,24.0,11.40175425,avneesh
224.0642898,588,24.18677324,12.04159458,24.0208243,11.40175425,avneesh
224.4415162,589,24.18677324,12.04159458,24.0208243,11.40175425,avneesh
224.848227,590,24.08318916,12.04159458,25.01999201,12.36931688,avneesh
225.233988,591,24.08318916,12.16552506,25.0,12.36931688,avneesh
225.6832302,592,26.07680962,13.15294644,25.0,12.36931688,avneesh
226.1099758,593,26.17250466,13.15294644,25.0,12.36931688,avneesh
226.4758811,594,24.18677324,12.04159458,24.0,12.36931688,avneesh
226.8616841,595,25.17935662,12.04159458,25.0,12.36931688,avneesh
227.304285,596,25.07987241,13.15294644,25.01999201,12.16552506,avneesh
227.7471991,597,26.17250466,13.03840481,26.0,12.36931688,avneesh
228.178762,598,25.17935662,13.03840481,26.0,12.36931688,avneesh
228.6859281,599,26.07680962,13.15294644,26.01922366,12.16552506,avneesh
229.0752831,600,26.30589288,13.03840481,27.0,13.34166406,avneesh
229.428072,601,25.07987241,13.15294644,26.0,12.36931688,avneesh
230.168921,602,25.07987241,13.15294644,26.0,12.36931688,avneesh
230.6581342,603,25.07987241,13.15294644,25.0,12.36931688,avneesh
231.2322981,604,25.17935662,13.03840481,26.0,12.36931688,avneesh
231.617825,605,25.17935662,13.15294644,25.0,12.16552506,avneesh
232.0287409,606,25.07987241,12.16552506,26.0,12.36931688,avneesh
232.3901279,607,25.07987241,12.16552506,26.0,12.36931688,avneesh
232.8616769,608,25.07987241,12.16552506,25.0,12.36931688,avneesh
233.3263571,609,25.17935662,13.15294644,26.01922366,12.16552506,avneesh
233.6935909,610,25.07987241,12.16552506,26.0,12.36931688,avneesh
234.0630291,611,25.17935662,12.04159458,24.0,12.36931688,avneesh
234.4227421,612,25.17935662,12.04159458,24.0,12.36931688,avneesh
234.9291279,613,26.17250466,13.34166406,25.0,12.16552506,avneesh
235.610985,614,24.18677324,12.04159458,25.01999201,12.16552506,avneesh
235.9834361,615,24.18677324,12.04159458,25.01999201,12.16552506,avneesh
236.3109121,616,25.17935662,12.16552506,26.0,12.16552506,avneesh
237.4404471,617,26.17250466,14.14213562,26.0,13.15294644,avneesh
238.2047498,618,26.17250466,13.03840481,27.0,13.34166406,avneesh
238.8868151,619,26.17250466,13.15294644,25.01999201,12.16552506,avneesh
239.3943052,620,26.17250466,13.15294644,25.01999201,12.16552506,avneesh
239.8188288,621,26.17250466,14.31782106,26.0,13.34166406,avneesh
240.2397459,622,26.17250466,13.15294644,26.01922366,12.16552506,avneesh
240.8007269,623,26.17250466,13.15294644,26.01922366,12.16552506,avneesh
241.4654901,624,26.07680962,13.15294644,25.01999201,12.16552506,avneesh
242.2854359,625,24.08318916,12.36931688,24.0,12.16552506,avneesh
243.4019151,626,19.02629759,10.19803903,18.11077028,9.219544457,avneesh
244.2039251,627,16.03121954,8.246211251,16.03121954,8.246211251,avneesh
244.7730551,628,13.0,6.32455532,13.03840481,6.32455532,avneesh
245.3618309,629,14.0,7.280109889,14.03566885,7.615773106,avneesh
245.9123681,630,14.03566885,7.280109889,14.03566885,7.280109889,avneesh
246.427531,631,14.03566885,7.071067812,14.03566885,7.280109889,avneesh
246.848737,632,14.0,7.280109889,13.15294644,6.708203932,avneesh
247.727303,633,13.0,6.08276253,13.03840481,6.32455532,avneesh
248.266943,634,14.0,7.615773106,14.03566885,7.280109889,avneesh
248.644383,635,13.0,6.32455532,13.15294644,6.32455532,avneesh
249.009192,636,13.03840481,6.32455532,12.04159458,6.32455532,avneesh
249.4482501,637,12.04159458,6.32455532,12.04159458,6.32455532,avneesh
250.0783629,638,16.03121954,8.246211251,17.0,8.246211251,avneesh
250.460696,639,16.03121954,8.246211251,17.0,8.246211251,avneesh
250.834168,640,16.03121954,8.246211251,17.02938637,8.246211251,avneesh
251.162426,641,18.02775638,9.486832981,19.02629759,9.219544457,avneesh
251.540802,642,19.10497317,10.19803903,20.0,10.19803903,avneesh
251.8910561,643,20.09975124,10.04987562,21.02379604,10.19803903,avneesh
252.2898049,644,20.09975124,10.04987562,21.02379604,10.19803903,avneesh
252.6630559,645,21.09502311,11.18033989,22.0,11.18033989,avneesh
252.9864762,646,21.09502311,11.40175425,21.0,10.19803903,avneesh
253.307034,647,21.09502311,11.40175425,21.0,10.19803903,avneesh
253.657284,648,25.07987241,13.15294644,24.0208243,12.36931688,avneesh
253.9711499,649,23.08679276,12.16552506,23.02172887,11.40175425,avneesh
254.3034441,650,23.19482701,12.04159458,24.0208243,11.70469991,avneesh
254.6887488,651,23.08679276,12.16552506,24.0,11.18033989,avneesh
255.0708508,652,23.08679276,12.16552506,24.0,11.18033989,avneesh
255.414952,653,24.18677324,12.04159458,24.0,12.36931688,avneesh
255.7486339,654,25.17935662,13.15294644,24.0,11.40175425,avneesh
256.070904,655,24.08318916,12.04159458,25.0,12.36931688,avneesh
256.3811522,656,24.08318916,12.16552506,24.0,12.16552506,avneesh
256.715909,657,24.08318916,12.16552506,24.0,12.16552506,avneesh
257.105413,658,26.17250466,13.15294644,26.01922366,13.15294644,avneesh
257.4329131,659,24.08318916,12.16552506,25.0,12.36931688,avneesh
257.7587769,660,25.17935662,13.15294644,24.0208243,12.16552506,avneesh
258.0839939,661,25.17935662,12.16552506,24.0208243,12.16552506,avneesh
258.4019952,662,25.17935662,12.04159458,25.01999201,12.16552506,avneesh
258.767261,663,26.17250466,13.15294644,25.0,12.16552506,avneesh
259.0871809,664,26.17250466,13.15294644,25.0,12.16552506,avneesh
259.3930151,665,26.07680962,13.15294644,26.01922366,12.16552506,avneesh
259.711724,666,26.17250466,13.15294644,26.01922366,13.15294644,avneesh
260.036566,667,25.07987241,13.15294644,25.01999201,12.16552506,avneesh
260.3541729,668,25.17935662,12.36931688,25.0,12.36931688,avneesh
260.7828062,669,25.17935662,12.36931688,25.0,12.36931688,avneesh
261.1221578,670,26.17250466,13.15294644,26.0,13.34166406,avneesh
261.8061669,671,26.07680962,13.15294644,26.01922366,12.16552506,avneesh
262.1558881,672,26.17250466,14.14213562,27.0,13.15294644,avneesh
262.4844141,673,26.17250466,14.14213562,26.01922366,12.04159458,avneesh
262.856745,674,26.17250466,14.14213562,26.01922366,12.04159458,avneesh
263.1772859,675,26.17250466,14.14213562,25.01999201,12.16552506,avneesh
263.503886,676,26.07680962,13.34166406,27.0,13.34166406,avneesh
263.829179,677,26.07680962,13.34166406,27.0,13.34166406,avneesh
264.1506891,678,24.08318916,12.36931688,24.0,12.16552506,avneesh
264.484962,679,26.17250466,13.34166406,26.0,13.15294644,avneesh
264.8129299,680,24.08318916,12.36931688,24.0208243,12.16552506,avneesh
265.1231582,681,24.08318916,12.36931688,24.0,12.16552506,avneesh
265.4496291,682,24.08318916,12.36931688,24.0,12.16552506,avneesh
265.823771,683,20.02498439,10.77032961,20.02498439,10.19803903,avneesh
266.14522,684,18.11077028,9.219544457,19.02629759,9.219544457,avneesh
266.5128829,685,14.03566885,7.280109889,16.03121954,8.0,avneesh
266.9400952,686,11.0,6.32455532,12.04159458,6.08276253,avneesh
267.271903,687,12.0,6.32455532,11.04536102,5.099019514,avneesh
267.645509,688,12.04159458,6.708203932,13.03840481,6.08276253,avneesh
268.109736,689,12.0,6.32455532,13.03840481,6.08276253,avneesh
268.527432,690,13.0,6.32455532,13.03840481,6.08276253,avneesh
268.8936789,691,12.0,6.708203932,13.03840481,6.08276253,avneesh
269.3018441,692,12.04159458,6.32455532,13.03840481,7.071067812,avneesh
269.777338,693,14.03566885,7.280109889,15.03329638,7.071067812,avneesh
270.1474509,694,13.0,6.708203932,14.03566885,7.071067812,avneesh
270.5494459,695,13.0,6.708203932,14.03566885,7.071067812,avneesh
270.9345889,696,16.03121954,8.246211251,18.02775638,9.219544457,avneesh
271.3422091,697,16.03121954,8.246211251,17.0,8.246211251,avneesh
271.720752,698,18.02775638,9.219544457,19.10497317,9.486832981,avneesh
272.1949191,699,18.02775638,9.486832981,19.02629759,9.055385138,avneesh
272.624084,700,20.02498439,10.44030651,21.0,10.04987562,avneesh
273.058712,701,20.09975124,10.19803903,20.02498439,10.04987562,avneesh
273.6086521,702,21.09502311,11.40175425,21.0,10.04987562,avneesh
274.0189221,703,21.09502311,11.40175425,21.0,10.04987562,avneesh
274.4046991,704,22.02271555,11.40175425,22.0,11.18033989,avneesh
274.8172381,705,22.20360331,12.16552506,22.0,11.04536102,avneesh
275.2705119,706,23.08679276,11.18033989,24.0208243,11.18033989,avneesh
275.7438848,707,23.08679276,12.16552506,24.0,11.18033989,avneesh
276.1696742,708,23.08679276,12.16552506,24.0,11.18033989,avneesh
276.5139751,709,24.0208243,12.36931688,24.0,12.36931688,avneesh
276.944634,710,24.18677324,13.15294644,25.0,12.16552506,avneesh
277.3771238,711,24.18677324,13.15294644,25.0,12.16552506,avneesh
277.7558041,712,24.08318916,12.16552506,25.0,12.16552506,avneesh
278.205781,713,24.0208243,12.64911064,24.0208243,12.36931688,avneesh
278.7540879,714,25.17935662,13.15294644,25.0,12.16552506,avneesh
279.1826899,715,24.08318916,12.36931688,25.0,12.16552506,avneesh
279.5684178,716,24.08318916,12.36931688,25.0,12.16552506,avneesh
279.8957241,717,24.08318916,12.16552506,24.0208243,12.16552506,avneesh
280.218339,718,25.07987241,13.15294644,25.0,12.36931688,avneesh
280.547358,719,25.07987241,12.36931688,24.0,12.16552506,avneesh
280.849705,720,25.17935662,13.03840481,25.01999201,12.16552506,avneesh
281.1672449,721,26.07680962,13.15294644,25.01999201,12.16552506,avneesh
281.5126271,722,26.17250466,13.03840481,25.01999201,12.16552506,avneesh
281.893384,723,25.17935662,12.04159458,25.01999201,12.16552506,avneesh
282.2339969,724,26.07680962,13.15294644,25.01999201,12.16552506,avneesh
282.6870339,725,26.07680962,13.15294644,25.07987241,12.16552506,avneesh
283.0016401,726,26.07680962,13.15294644,25.07987241,12.16552506,avneesh
283.3083091,727,25.17935662,12.16552506,26.0,13.34166406,avneesh
283.6510632,728,25.17935662,13.15294644,26.0,12.36931688,avneesh
283.979378,729,25.17935662,13.15294644,26.01922366,12.36931688,avneesh
284.2755458,730,26.17250466,13.03840481,26.0,12.36931688,avneesh
284.64135,731,26.17250466,13.03840481,26.0,12.36931688,avneesh
285.0342801,732,25.07987241,13.15294644,25.0,12.36931688,avneesh
285.3363421,733,25.07987241,13.15294644,25.01999201,12.36931688,avneesh
285.6619248,734,25.07987241,13.15294644,25.01999201,12.36931688,avneesh
285.9765301,735,25.17935662,12.16552506,25.0,12.36931688,avneesh
286.2775068,736,26.17250466,13.03840481,25.0,12.36931688,avneesh
286.6076491,737,24.18677324,12.04159458,24.0,12.36931688,avneesh
286.9503651,738,27.16615541,14.14213562,26.0,13.34166406,avneesh
287.285955,739,27.16615541,14.14213562,26.0,13.34166406,avneesh
287.6645,740,25.07987241,12.16552506,25.0,12.36931688,avneesh
288.013561,741,25.17935662,12.04159458,26.0,13.60147051,avneesh
288.3121769,742,25.07987241,13.15294644,25.0,12.36931688,avneesh
288.6514919,743,25.07987241,13.15294644,24.0208243,12.36931688,avneesh
288.970691,744,24.08318916,12.16552506,23.0,11.18033989,avneesh
289.273098,745,21.09502311,11.18033989,20.02498439,10.19803903,avneesh
289.593013,746,17.02938637,9.486832981,17.02938637,9.055385138,avneesh
289.9410362,747,17.02938637,9.486832981,17.02938637,9.055385138,avneesh
290.2600422,748,13.03840481,6.08276253,13.15294644,6.32455532,avneesh
290.6309359,749,12.0,6.32455532,12.16552506,6.32455532,avneesh
290.990361,750,13.0,6.32455532,13.03840481,6.08276253,avneesh
0.109284163,0,46.09772229,23.0,44.01136217,22.09072203,ethan
0.571408987,1,46.09772229,22.0,43.01162634,21.09502311,ethan
0.897130966,2,44.38468204,22.02271555,43.0,21.02379604,ethan
1.214449883,3,45.35416188,22.02271555,42.01190308,21.09502311,ethan
1.485062838,4,46.09772229,22.0,44.0,21.0,ethan
1.761930943,5,44.38468204,21.09502311,42.01190308,21.09502311,ethan
2.04984498,6,45.12205669,22.09072203,43.01162634,21.21320344,ethan
2.32434988,7,45.35416188,22.02271555,42.0,20.02498439,ethan
2.620074987,8,45.89117562,22.0,43.0464865,21.21320344,ethan
2.906939983,9,46.32493929,22.0,44.0,22.02271555,ethan
3.317548037,10,47.07440918,23.0,44.01136217,21.21320344,ethan
3.626096249,11,45.35416188,22.02271555,44.0,22.09072203,ethan
3.943634033,12,48.05205511,24.0208243,44.01136217,22.02271555,ethan
4.599215031,13,46.32493929,23.02172887,42.01190308,21.09502311,ethan
4.889868975,14,47.29693436,23.02172887,44.0,22.02271555,ethan
5.271008015,15,45.35416188,22.09072203,43.01162634,21.21320344,ethan
5.56375289,16,46.32493929,23.08679276,43.01162634,21.09502311,ethan
5.882182837,17,46.32493929,23.02172887,43.0,21.02379604,ethan
6.25396204,18,46.32493929,22.02271555,42.01190308,21.21320344,ethan
6.679574966,19,44.38468204,21.02379604,43.0,21.02379604,ethan
7.001083851,20,46.09772229,22.0,43.01162634,21.09502311,ethan
7.324886084,21,45.35416188,22.09072203,43.01162634,21.09502311,ethan
7.746400118,22,46.32493929,23.02172887,43.01162634,21.09502311,ethan
8.079746008,23,46.32493929,23.02172887,43.01162634,21.09502311,ethan
8.417896032,24,46.57252409,23.08679276,43.0,21.0,ethan
8.757786989,25,46.32493929,23.08679276,42.0,21.02379604,ethan
9.095006943,26,45.12205669,22.02271555,42.01190308,21.02379604,ethan
9.427078009,27,45.12205669,22.02271555,43.01162634,21.0,ethan
9.744451046,28,46.09772229,23.02172887,44.0,22.02271555,ethan
10.05585504,29,46.32493929,22.02271555,44.0,22.02271555,ethan
10.36044908,30,47.29693436,23.0,44.0,21.02379604,ethan
10.77826619,31,46.57252409,23.08679276,43.0,21.0,ethan
11.21170998,32,47.29693436,23.02172887,44.0,21.02379604,ethan
11.51226997,33,44.14748011,22.02271555,42.0,21.0,ethan
11.82157588,34,45.12205669,22.09072203,43.01162634,21.0,ethan
12.14745402,35,45.35416188,22.02271555,43.0,21.02379604,ethan
12.45790005,36,46.09772229,22.02271555,44.0,21.02379604,ethan
12.77576709,37,46.09772229,23.02172887,44.0,22.02271555,ethan
13.09297609,38,46.09772229,22.0,44.0,21.02379604,ethan
13.38378501,39,46.32493929,22.0,43.01162634,21.21320344,ethan
13.72013688,40,47.07440918,23.0,44.0,21.09502311,ethan
14.05119705,41,45.35416188,22.02271555,43.0,21.02379604,ethan
14.36151695,42,47.29693436,23.02172887,44.0,22.02271555,ethan
14.70582199,43,48.05205511,23.02172887,45.01110974,22.20360331,ethan
15.02957702,44,45.35416188,22.0,43.01162634,21.09502311,ethan
15.35754704,45,47.29693436,23.02172887,45.01110974,22.09072203,ethan
15.7025001,46,46.32493929,23.02172887,43.0,21.02379604,ethan
16.01778603,47,47.29693436,23.08679276,45.0,22.02271555,ethan
16.33186412,48,46.09772229,22.02271555,43.01162634,21.09502311,ethan
16.67094302,49,46.09772229,23.02172887,43.0,21.02379604,ethan
17.02423596,50,46.57252409,22.09072203,43.0,21.02379604,ethan
17.3950882,51,46.09772229,22.02271555,43.0,21.02379604,ethan
17.89416599,52,47.07440918,23.0,45.01110974,22.02271555,ethan
18.38422203,53,46.57252409,23.02172887,43.01162634,21.21320344,ethan
18.84333992,54,47.07440918,23.02172887,45.0,22.0,ethan
19.75009799,55,49.24428901,25.0,46.01086828,22.0,ethan
20.49645996,56,46.09772229,23.0,44.01136217,22.09072203,ethan
21.21425414,57,48.83646179,24.08318916,46.0,23.02172887,ethan
21.84661698,58,49.24428901,24.0208243,45.0,22.02271555,ethan
22.32998705,59,48.27007354,24.0208243,45.01110974,22.02271555,ethan
22.72222686,60,48.05205511,23.02172887,46.01086828,23.08679276,ethan
23.21132803,61,49.24428901,24.0208243,45.04442252,22.09072203,ethan
23.59734297,62,50.21951812,25.01999201,47.01063709,23.08679276,ethan
24.03217793,63,49.24428901,25.01999201,45.01110974,22.09072203,ethan
24.67345405,64,48.27007354,24.0208243,46.01086828,23.08679276,ethan
25.09433389,65,50.009999,24.08318916,47.01063709,23.08679276,ethan
25.485847,66,50.009999,24.08318916,46.01086828,23.08679276,ethan
25.9344101,67,49.24428901,24.0208243,46.0,23.02172887,ethan
26.55529022,68,49.03060269,24.0208243,45.01110974,22.09072203,ethan
26.95715618,69,50.80354318,25.07987241,47.01063709,23.02172887,ethan
27.39093399,70,49.03060269,24.08318916,46.01086828,23.08679276,ethan
27.82170391,71,49.24428901,24.0208243,47.01063709,23.02172887,ethan
28.22456193,72,49.03060269,25.01999201,46.01086828,23.08679276,ethan
28.61039996,73,49.03060269,24.0,46.01086828,23.08679276,ethan
28.97032022,74,50.009999,25.01999201,47.0,23.02172887,ethan
29.43875718,75,48.27007354,24.0,46.01086828,23.02172887,ethan
29.95725703,76,47.5394573,23.02172887,45.0,22.02271555,ethan
30.29745007,77,50.21951812,25.0,46.01086828,23.02172887,ethan
30.65431905,78,48.83646179,25.01999201,47.01063709,23.02172887,ethan
31.01987505,79,50.009999,25.01999201,46.01086828,23.02172887,ethan
31.39018798,80,50.009999,25.0,46.04345773,23.08679276,ethan
31.73718405,81,51.19570294,25.01999201,48.0416486,23.08679276,ethan
32.06589484,82,48.27007354,24.0208243,45.01110974,22.02271555,ethan
32.38452721,83,48.50773134,24.08318916,45.01110974,22.02271555,ethan
32.70014215,84,49.24428901,24.0208243,46.04345773,23.08679276,ethan
33.05377197,85,49.47726751,24.0,45.01110974,22.02271555,ethan
33.67221713,86,49.24428901,24.0208243,46.01086828,23.02172887,ethan
34.29127192,87,48.05205511,24.0,45.0,22.02271555,ethan
35.68077993,88,48.50773134,24.08318916,45.0,22.02271555,ethan
36.96189904,89,49.03060269,24.0208243,46.01086828,23.08679276,ethan
37.35059786,90,49.24428901,24.0,46.01086828,23.02172887,ethan
37.71022797,91,50.44799302,25.01999201,48.0416486,23.08679276,ethan
38.08396387,92,46.32493929,22.0,43.0,21.02379604,ethan
38.45456195,93,46.32493929,22.02271555,43.01162634,21.0,ethan
38.81358409,94,47.29693436,23.02172887,44.0,22.02271555,ethan
39.1592052,95,46.32493929,22.02271555,45.04442252,22.09072203,ethan
39.49867487,96,47.29693436,23.02172887,43.0,21.09502311,ethan
39.8460989,97,46.09772229,23.0,43.0,21.02379604,ethan
40.18832803,98,47.29693436,23.0,43.01162634,21.09502311,ethan
40.50181198,99,44.38468204,21.02379604,40.01249805,20.09975124,ethan
40.8225081,100,44.14748011,21.0,41.0,20.02498439,ethan
41.15242124,101,41.97618372,20.02498439,38.01315562,19.02629759,ethan
41.59849286,102,41.23105626,20.02498439,37.01351105,18.02775638,ethan
41.90980816,103,41.97618372,20.02498439,39.01281841,19.0,ethan
42.22376704,104,38.07886553,19.02629759,35.05709629,17.02938637,ethan
42.52461386,105,34.92849839,17.02938637,33.13608305,16.1245155,ethan
42.84006405,106,30.8058436,15.13274595,29.15475947,14.14213562,ethan
43.14886594,107,28.63564213,14.14213562,26.17250466,13.15294644,ethan
43.44548392,108,27.89265136,14.14213562,25.17935662,12.16552506,ethan
43.76024914,109,25.0,12.04159458,22.09072203,10.19803903,ethan
44.06261897,110,22.8035085,11.04536102,21.37755833,10.44030651,ethan
44.37403011,111,21.84032967,10.0,19.41648784,9.848857802,ethan
44.68507099,112,20.61552813,9.055385138,21.37755833,9.848857802,ethan
45.02631092,113,27.20294102,13.0,27.16615541,13.60147051,ethan
45.44705892,114,22.8035085,10.0,24.18677324,11.70469991,ethan
45.76136088,115,19.92485885,9.055385138,19.23538406,9.486832981,ethan
46.07120299,116,22.8035085,10.0,23.34523506,10.44030651,ethan
46.39217997,117,22.13594362,10.0,22.20360331,11.18033989,ethan
46.71161509,118,23.08679276,11.04536102,23.19482701,11.18033989,ethan
47.01243114,119,24.35159132,11.40175425,22.20360331,11.0,ethan
47.32771778,120,24.04163056,11.04536102,23.08679276,11.0,ethan
47.70449996,121,25.96150997,12.0,24.08318916,11.04536102,ethan
48.16749907,122,27.89265136,13.03840481,26.07680962,12.16552506,ethan
48.59886408,123,25.96150997,12.0,24.18677324,11.04536102,ethan
49.05410409,124,29.83286778,14.0,28.16025568,14.0,ethan
49.47211695,125,27.20294102,13.03840481,26.30589288,13.03840481,ethan
49.9742651,126,29.12043956,14.0,28.16025568,14.03566885,ethan
50.42645597,127,30.8058436,15.0,28.0713377,14.0,ethan
50.88126993,128,30.59411708,15.03329638,31.144823,15.03329638,ethan
51.73658395,129,31.78049716,15.0,30.14962686,15.0,ethan
52.22036195,130,32.75667871,16.03121954,31.144823,15.0,ethan
52.60966921,131,32.984845,16.03121954,30.06659276,15.03329638,ethan
53.00808501,132,32.984845,16.0,31.144823,15.0,ethan
53.40952396,133,32.01562119,15.0,29.06888371,14.03566885,ethan
53.787853,134,33.95585369,16.0,32.06243908,16.03121954,ethan
54.15884709,135,33.73425559,17.11724277,32.06243908,16.03121954,ethan
54.53100896,136,33.95585369,16.03121954,32.06243908,16.03121954,ethan
55.15864491,137,35.90264614,17.02938637,33.13608305,16.03121954,ethan
55.51397204,138,34.92849839,17.02938637,33.06055051,17.0,ethan
55.88081098,139,33.95585369,16.03121954,32.06243908,16.03121954,ethan
56.24833679,140,34.20526275,17.0,31.06444913,15.03329638,ethan
56.81808901,141,34.92849839,17.0,32.06243908,16.0,ethan
57.78584504,142,35.17101079,17.0,33.13608305,17.0,ethan
58.15647411,143,36.138622,18.0,33.13608305,17.0,ethan
58.50978303,144,33.95585369,17.02938637,32.01562119,16.1245155,ethan
59.03410196,145,37.85498646,18.02775638,34.05877273,17.02938637,ethan
59.46443391,146,37.10795063,18.02775638,35.0142828,17.02938637,ethan
59.81987,147,38.07886553,18.0,35.0142828,18.0,ethan
60.16102409,148,35.90264614,17.02938637,34.0147027,17.02938637,ethan
60.51315999,149,38.83297568,19.0,36.05551275,18.0,ethan
60.94310498,150,38.63935817,19.02629759,37.05401463,18.02775638,ethan
61.60430789,151,39.81205847,20.02498439,35.05709629,17.02938637,ethan
63.41390705,152,37.10795063,18.02775638,35.0142828,18.02775638,ethan
64.01847816,153,40.02499219,19.0,37.0,18.11077028,ethan
64.45669699,154,40.26164428,20.0,36.05551275,18.02775638,ethan
64.834728,155,39.29376541,19.02629759,36.05551275,18.02775638,ethan
65.25870013,156,39.81205847,20.02498439,36.0,18.11077028,ethan
65.64682007,157,39.81205847,20.02498439,36.01388621,18.0,ethan
66.29045391,158,41.23105626,20.02498439,39.01281841,19.0,ethan
66.92694092,159,43.17406629,21.02379604,40.04996879,20.02498439,ethan
67.8829329,160,44.14748011,22.0,40.04996879,20.02498439,ethan
68.30147195,161,42.95346319,21.02379604,40.01249805,20.0,ethan
68.6864109,162,42.95346319,21.0,38.01315562,19.02629759,ethan
69.06405997,163,42.20189569,20.02498439,38.01315562,19.02629759,ethan
69.42978787,164,41.23105626,20.02498439,39.01281841,19.02629759,ethan
69.97525311,165,43.17406629,21.02379604,40.01249805,20.0,ethan
70.35064602,166,41.97618372,21.0,40.01249805,20.0,ethan
72.16929007,167,42.95346319,21.09502311,39.01281841,19.02629759,ethan
72.61876607,168,43.17406629,21.0,39.01281841,19.02629759,ethan
72.99165893,169,44.14748011,22.02271555,41.01219331,20.0,ethan
73.38763499,170,43.17406629,21.02379604,41.01219331,20.0,ethan
73.73188496,171,43.17406629,21.0,40.04996879,20.0,ethan
74.06324005,172,44.14748011,22.0,41.01219331,20.0,ethan
74.36506391,173,46.09772229,22.02271555,43.01162634,21.0,ethan
74.68172908,174,43.93176527,22.0,41.01219331,20.0,ethan
74.98864698,175,45.12205669,22.0,42.01190308,21.0,ethan
75.2965529,176,44.91102315,22.09072203,42.0,21.0,ethan
75.61149502,177,44.14748011,21.02379604,41.0,20.02498439,ethan
75.91489887,178,43.17406629,21.0,40.04996879,20.02498439,ethan
76.21887898,179,44.91102315,22.09072203,42.0,21.0,ethan
76.50811601,180,46.09772229,23.0,42.0,21.0,ethan
76.7993679,181,45.12205669,22.02271555,42.01190308,21.09502311,ethan
77.1415832,182,44.91102315,23.02172887,41.0,20.0,ethan
77.43764615,183,46.09772229,23.08679276,44.0,22.0,ethan
77.75796294,184,45.89117562,23.02172887,43.01162634,21.0,ethan
78.07698107,185,46.09772229,23.02172887,42.0,21.02379604,ethan
78.3762188,186,43.93176527,21.02379604,41.01219331,20.02498439,ethan
78.69442797,187,46.09772229,22.02271555,43.0,21.02379604,ethan
79.01425624,188,47.29693436,23.02172887,43.0,21.09502311,ethan
79.34117913,189,44.91102315,22.09072203,43.0,21.09502311,ethan
79.69415092,190,44.91102315,22.0,42.0,21.0,ethan
80.13049006,191,45.12205669,22.02271555,41.01219331,20.0,ethan
80.61257386,192,45.35416188,22.0,42.0,21.02379604,ethan
81.02589488,193,45.12205669,22.02271555,40.01249805,20.0,ethan
81.50982499,194,45.89117562,23.08679276,44.0,21.09502311,ethan
82.11318398,195,45.12205669,22.0,41.0,21.02379604,ethan
82.76865625,196,46.09772229,22.02271555,42.01190308,21.0,ethan
83.52230287,197,47.07440918,23.02172887,43.0,21.02379604,ethan
84.10615706,198,45.12205669,22.0,42.04759208,21.02379604,ethan
84.71234894,199,45.12205669,22.02271555,42.0,21.09502311,ethan
85.60559583,200,48.05205511,24.0208243,44.0,22.0,ethan
86.36410117,201,45.35416188,22.0,42.01190308,21.0,ethan
87.33652997,202,44.14748011,21.0,41.0,21.0,ethan
88.38163209,203,45.12205669,22.02271555,41.0,20.09975124,ethan
89.19975185,204,47.07440918,23.0,44.0,22.02271555,ethan
89.7347331,205,45.12205669,22.0,42.01190308,21.0,ethan
90.39836597,206,46.09772229,22.09072203,43.01162634,21.0,ethan
91.15803504,207,45.89117562,23.02172887,43.0,21.02379604,ethan
91.67701101,208,49.03060269,24.0208243,45.0,23.0,ethan
92.45029616,209,46.09772229,23.0,43.01162634,21.02379604,ethan
93.03882599,210,44.14748011,21.02379604,41.01219331,20.02498439,ethan
93.76791191,211,46.32493929,23.02172887,42.0,21.09502311,ethan
94.25795889,212,46.32493929,22.0,43.01162634,21.0,ethan
94.69299006,213,48.05205511,23.0,45.0,22.0,ethan
95.1344142,214,47.29693436,23.0,43.0,21.0,ethan
95.52488017,215,47.07440918,23.02172887,42.0,21.02379604,ethan
95.894593,216,47.07440918,23.02172887,45.01110974,22.02271555,ethan
96.30381584,217,46.87216658,23.08679276,44.0,22.02271555,ethan
96.6733861,218,47.07440918,23.08679276,44.01136217,21.02379604,ethan
97.03125715,219,46.09772229,22.0,44.0,21.0,ethan
97.48286581,220,49.03060269,24.0208243,45.01110974,22.02271555,ethan
97.84043002,221,47.07440918,23.02172887,44.01136217,21.0,ethan
98.19874001,222,48.27007354,24.0,45.0,22.02271555,ethan
98.55454206,223,47.07440918,23.08679276,44.0,21.02379604,ethan
99.09229016,224,48.05205511,23.02172887,45.0,23.02172887,ethan
99.59402013,225,46.32493929,23.0,44.0,21.02379604,ethan
100.0192399,226,47.07440918,24.0,45.0,22.0,ethan
100.597692,227,45.35416188,22.0,43.01162634,22.02271555,ethan
101.0400729,228,46.32493929,23.0,43.0,21.0,ethan
102.0424581,229,49.03060269,24.0208243,46.0,22.0,ethan
103.192883,230,47.07440918,23.02172887,44.0,21.02379604,ethan
104.5250511,231,47.85394446,23.08679276,45.0,23.02172887,ethan
105.8350661,232,47.07440918,23.02172887,43.0,21.02379604,ethan
106.8492858,233,48.05205511,23.02172887,45.0,22.0,ethan
107.836189,234,48.27007354,24.0208243,44.01136217,21.02379604,ethan
108.86042,235,47.07440918,23.0,44.01136217,21.09502311,ethan
109.9032729,236,48.05205511,24.0208243,44.01136217,21.02379604,ethan
110.9539578,237,46.09772229,23.02172887,43.01162634,21.0,ethan
111.9852779,238,48.05205511,24.0208243,44.0,21.02379604,ethan
113.012115,239,48.05205511,23.02172887,44.01136217,21.02379604,ethan
113.964082,240,47.5394573,23.02172887,44.0,21.02379604,ethan
115.249656,241,46.09772229,23.0,43.01162634,21.0,ethan
116.6632378,242,48.27007354,23.0,44.04543109,22.02271555,ethan
117.9430242,243,46.32493929,22.0,42.0,21.02379604,ethan
118.8195131,244,46.09772229,22.0,43.0,21.02379604,ethan
119.4650979,245,48.27007354,23.0,44.0,21.0,ethan
120.1053519,246,47.29693436,23.02172887,44.0,22.0,ethan
120.9324732,247,49.24428901,24.0,46.01086828,22.09072203,ethan
121.6845009,248,46.09772229,23.02172887,42.0,20.02498439,ethan
122.3921599,249,47.29693436,23.02172887,45.0,22.0,ethan
123.6685619,250,47.07440918,23.08679276,44.0,22.02271555,ethan
124.4355841,251,47.29693436,23.0,44.0,22.0,ethan
125.2378318,252,47.07440918,23.0,44.0,22.0,ethan
126.208658,253,46.09772229,23.02172887,43.01162634,21.0,ethan
127.0165491,254,48.05205511,23.0,45.01110974,22.09072203,ethan
127.8576069,255,48.05205511,24.0,45.01110974,22.0,ethan
128.7008471,256,48.27007354,24.0,44.0,22.02271555,ethan
130.136461,257,46.32493929,23.0,43.01162634,21.0,ethan
130.9212439,258,47.29693436,23.0,43.01162634,22.0,ethan
131.4553621,259,47.29693436,23.0,44.01136217,22.09072203,ethan
132.0633349,260,48.05205511,24.0208243,45.0,22.0,ethan
132.618664,261,47.07440918,23.02172887,44.01136217,22.09072203,ethan
133.2041888,262,48.05205511,24.0,44.0,22.02271555,ethan
134.169178,263,48.05205511,24.0,45.0,22.0,ethan
135.8919182,264,49.03060269,24.0,45.0,22.0,ethan
136.96243,265,48.05205511,23.02172887,45.0,23.02172887,ethan
137.824244,266,47.07440918,24.0208243,45.01110974,22.0,ethan
138.3644049,267,49.03060269,24.0208243,45.01110974,22.0,ethan
139.0163891,268,48.05205511,24.0208243,45.01110974,23.0,ethan
139.555006,269,48.05205511,23.02172887,45.01110974,23.02172887,ethan
140.0601768,270,47.29693436,23.0,43.0,21.0,ethan
140.6647182,271,47.29693436,23.02172887,43.01162634,22.02271555,ethan
141.3227961,272,47.07440918,23.02172887,45.01110974,22.02271555,ethan
142.315659,273,47.29693436,23.0,44.0,22.09072203,ethan
143.375736,274,44.91102315,22.02271555,43.0,21.02379604,ethan
145.07162,275,47.29693436,23.0,44.01136217,22.0,ethan
146.1039019,276,48.27007354,24.0,44.01136217,21.0,ethan
147.0244801,277,48.27007354,24.0208243,45.01110974,23.02172887,ethan
147.822093,278,49.03060269,24.0208243,45.0,22.02271555,ethan
148.833102,279,47.07440918,23.0,43.01162634,22.02271555,ethan
149.555891,280,48.27007354,24.0208243,43.0,21.02379604,ethan
150.2799759,281,48.50773134,24.0208243,45.0,22.02271555,ethan
151.1150601,282,46.09772229,23.0,42.0,21.0,ethan
151.819732,283,48.05205511,23.02172887,45.0,22.0,ethan
152.3792892,284,47.29693436,23.0,44.01136217,22.0,ethan
152.835923,285,47.07440918,23.02172887,42.0,21.02379604,ethan
154.2068229,286,46.32493929,23.02172887,43.0,21.0,ethan
155.1203022,287,48.27007354,24.0,45.0,22.0,ethan
155.481777,288,50.21951812,25.01999201,46.0,23.02172887,ethan
155.8542159,289,49.03060269,24.0208243,45.0,22.0,ethan
156.296633,290,47.29693436,23.0,45.01110974,22.0,ethan
156.9704928,291,48.05205511,24.0208243,45.0,22.0,ethan
157.4056101,292,45.12205669,22.0,42.0,21.02379604,ethan
157.868418,293,47.29693436,23.0,45.0,22.0,ethan
158.3329201,294,49.24428901,24.0,45.0,22.02271555,ethan
158.773313,295,48.50773134,23.02172887,45.0,23.02172887,ethan
159.339874,296,47.07440918,23.0,44.0,21.02379604,ethan
159.8312829,297,48.05205511,24.0,44.01136217,22.02271555,ethan
160.2985971,298,48.27007354,24.0,44.0,21.02379604,ethan
160.770436,299,48.27007354,24.0208243,45.01110974,22.09072203,ethan
161.227556,300,47.07440918,23.0,44.01136217,22.0,ethan
161.6881232,301,48.27007354,24.0,44.0,21.02379604,ethan
162.1536591,302,47.07440918,23.0,44.01136217,22.02271555,ethan
162.603343,303,47.29693436,23.02172887,44.0,22.0,ethan
163.0658219,304,48.27007354,24.0208243,44.0,22.0,ethan
163.5319459,305,49.03060269,24.0208243,47.01063709,23.02172887,ethan
164.04024,306,48.05205511,23.0,45.0,22.02271555,ethan
164.5251091,307,49.03060269,24.08318916,46.0,23.02172887,ethan
165.0008619,308,48.05205511,24.0208243,45.0,22.0,ethan
165.501503,309,47.85394446,23.08679276,46.0,23.02172887,ethan
165.9795609,310,47.85394446,23.02172887,45.01110974,23.02172887,ethan
166.5690792,311,48.05205511,24.0208243,45.01110974,23.02172887,ethan
167.1091251,312,48.27007354,24.0,46.0,23.0,ethan
167.611515,313,47.07440918,23.0,44.01136217,22.0,ethan
168.1313679,314,47.07440918,23.0,43.0,21.02379604,ethan
168.610821,315,47.07440918,24.0208243,45.0,22.02271555,ethan
169.4442329,316,45.12205669,22.02271555,44.0,22.02271555,ethan
170.3821759,317,46.32493929,23.0,43.0,22.02271555,ethan
170.8660648,318,47.29693436,23.02172887,44.0,22.02271555,ethan
171.338594,319,45.12205669,22.0,43.0,21.0,ethan
171.8271849,320,47.29693436,23.02172887,45.0,22.0,ethan
172.3419831,321,46.32493929,22.09072203,43.01162634,21.02379604,ethan
172.825304,322,49.24428901,24.0,45.0,22.0,ethan
173.323314,323,48.05205511,24.0,45.01110974,22.0,ethan
173.7843509,324,47.29693436,23.0,44.01136217,22.0,ethan
174.3658881,325,50.21951812,25.0,46.01086828,23.0,ethan
174.841428,326,47.29693436,23.02172887,45.01110974,22.0,ethan
175.3186722,327,47.07440918,23.0,45.01110974,22.0,ethan
175.839936,328,48.05205511,24.0208243,45.0,22.0,ethan
176.3181381,329,47.29693436,23.02172887,44.01136217,22.0,ethan
176.968483,330,48.27007354,24.0,45.01110974,22.0,ethan
177.4673541,331,47.07440918,23.02172887,45.01110974,22.02271555,ethan
177.951596,332,47.29693436,23.0,44.01136217,22.02271555,ethan
178.432673,333,48.05205511,23.02172887,45.01110974,22.0,ethan
178.957406,334,47.29693436,23.0,45.01110974,22.0,ethan
179.4853818,335,48.05205511,24.0208243,45.01110974,23.02172887,ethan
179.9776831,336,48.05205511,24.0,46.0,23.02172887,ethan
180.4682639,337,48.05205511,23.02172887,44.0,22.0,ethan
180.9423039,338,48.27007354,23.02172887,45.04442252,22.09072203,ethan
181.435853,339,50.009999,25.01999201,46.01086828,23.0,ethan
181.9152341,340,49.03060269,24.0,46.0,23.0,ethan
182.4361939,341,48.27007354,24.0208243,46.0,23.02172887,ethan
183.331145,342,43.93176527,21.0,42.0,21.0,ethan
183.91553,343,48.05205511,23.02172887,44.0,22.0,ethan
184.459373,344,48.05205511,23.0,44.01136217,22.09072203,ethan
184.9270232,345,51.7880295,25.17935662,48.0,24.0,ethan
185.4166982,346,46.87216658,23.02172887,44.04543109,22.02271555,ethan
185.891063,347,48.05205511,24.0208243,45.0,22.02271555,ethan
186.3643131,348,49.03060269,24.0208243,45.04442252,22.02271555,ethan
186.820262,349,50.80354318,25.07987241,47.01063709,23.02172887,ethan
187.3133309,350,46.09772229,23.0,44.0,22.0,ethan
187.7925661,351,48.27007354,24.0208243,44.0,22.0,ethan
188.2760651,352,48.05205511,23.02172887,44.01136217,22.0,ethan
188.749711,353,48.27007354,23.02172887,44.0,22.0,ethan
189.2335401,354,48.27007354,24.0208243,45.01110974,22.02271555,ethan
189.712996,355,46.87216658,24.0208243,44.0,22.0,ethan
190.1880572,356,47.85394446,24.08318916,45.01110974,22.02271555,ethan
190.6872451,357,47.29693436,23.0,43.0,21.0,ethan
191.1638322,358,49.03060269,24.0,46.0,23.0,ethan
191.6357,359,50.009999,25.01999201,47.01063709,23.02172887,ethan
192.0973089,360,50.99019514,25.01999201,46.0,23.0,ethan
192.5703781,361,50.21951812,25.0,47.01063709,24.0208243,ethan
193.0788631,362,50.009999,25.07987241,48.01041554,24.0208243,ethan
193.5439172,363,47.07440918,23.0,45.0,22.0,ethan
194.014724,364,48.27007354,23.0,45.01110974,23.0,ethan
194.5571589,365,48.05205511,24.0208243,45.0,22.0,ethan
195.1333761,366,48.05205511,23.02172887,45.0,23.02172887,ethan
195.7806101,367,47.29693436,24.0208243,43.0,21.02379604,ethan
196.2650099,368,47.07440918,23.02172887,44.0,22.0,ethan
196.744292,369,48.05205511,23.0,46.01086828,23.02172887,ethan
197.256671,370,49.03060269,24.0208243,46.0,23.02172887,ethan
197.792356,371,50.21951812,24.0,46.01086828,23.0,ethan
198.2807369,372,49.24428901,24.0,46.0,23.0,ethan
198.768342,373,48.05205511,23.0,46.0,23.02172887,ethan
199.2606699,374,49.24428901,24.0,46.01086828,23.0,ethan
199.7749939,375,46.09772229,22.0,44.01136217,21.02379604,ethan
200.2506082,376,48.05205511,24.0208243,45.0,22.02271555,ethan
200.768764,377,48.83646179,25.07987241,47.01063709,23.0,ethan
201.2779081,378,47.85394446,23.02172887,45.0,22.02271555,ethan
201.7651892,379,47.85394446,24.18677324,45.0,22.0,ethan
202.2532039,380,50.009999,25.01999201,47.01063709,23.0,ethan
202.768724,381,49.03060269,24.0,46.01086828,22.02271555,ethan
203.5283101,382,50.99019514,25.07987241,47.01063709,23.02172887,ethan
204.2098031,383,47.07440918,23.0,44.0,22.0,ethan
204.765064,384,47.07440918,23.02172887,44.01136217,22.02271555,ethan
205.2712169,385,49.03060269,24.0208243,47.0,23.0,ethan
205.7660139,386,50.009999,25.01999201,47.0,23.0,ethan
206.3101618,387,50.009999,24.0208243,47.01063709,23.02172887,ethan
206.8071511,388,49.24428901,24.0,46.0,23.02172887,ethan
207.2974899,389,50.21951812,25.0,47.0,24.08318916,ethan
207.8069508,390,49.03060269,24.0208243,47.0,23.0,ethan
208.3123441,391,46.32493929,23.02172887,42.0,21.02379604,ethan
208.803648,392,46.32493929,22.02271555,43.01162634,21.0,ethan
209.320817,393,45.35416188,22.02271555,42.01190308,20.09975124,ethan
209.8788321,394,49.24428901,24.0208243,46.0,23.02172887,ethan
210.3502431,395,47.07440918,23.02172887,44.0,22.02271555,ethan
210.8436,396,46.09772229,23.02172887,43.01162634,21.02379604,ethan
211.3532841,397,45.89117562,23.0,43.01162634,21.02379604,ethan
211.8725851,398,48.27007354,23.02172887,46.0,22.0,ethan
212.3620899,399,48.05205511,23.0,45.01110974,22.0,ethan
212.871444,400,47.07440918,23.0,45.01110974,22.02271555,ethan
213.3752201,401,47.07440918,23.0,44.0,22.09072203,ethan
213.866945,402,44.14748011,21.02379604,42.0,21.02379604,ethan
214.3669591,403,46.32493929,22.02271555,43.01162634,21.0,ethan
214.9073331,404,46.32493929,23.08679276,43.0,21.02379604,ethan
215.4391689,405,46.09772229,23.02172887,44.0,22.0,ethan
215.9281962,406,46.09772229,22.02271555,43.01162634,21.0,ethan
216.4143412,407,46.09772229,23.0,43.01162634,21.02379604,ethan
216.9046421,408,48.50773134,23.02172887,45.0,22.02271555,ethan
217.4912939,409,46.09772229,23.02172887,43.0,21.0,ethan
217.982398,410,45.12205669,22.02271555,43.01162634,21.0,ethan
218.4371898,411,46.09772229,22.09072203,42.0,21.0,ethan
218.9061019,412,47.29693436,23.02172887,43.01162634,21.09502311,ethan
219.392312,413,50.21951812,25.01999201,47.04253395,23.08679276,ethan
219.8898051,414,47.29693436,23.02172887,44.0,21.0,ethan
220.37585,415,48.05205511,23.0,44.01136217,22.09072203,ethan
220.84796,416,46.09772229,23.02172887,44.01136217,22.02271555,ethan
221.368742,417,45.12205669,22.09072203,43.01162634,21.0,ethan
221.855793,418,46.09772229,22.09072203,42.01190308,21.09502311,ethan
222.346724,419,46.09772229,22.09072203,44.01136217,21.02379604,ethan
222.8525498,420,47.29693436,23.08679276,44.0,22.0,ethan
223.354357,421,48.27007354,23.08679276,44.01136217,21.09502311,ethan
223.8447082,422,47.29693436,23.02172887,44.01136217,21.02379604,ethan
224.350487,423,46.32493929,22.09072203,44.0,22.02271555,ethan
224.814559,424,48.27007354,23.08679276,45.0,22.0,ethan
225.344558,425,50.21951812,24.08318916,48.01041554,24.0208243,ethan
225.8295062,426,47.29693436,23.08679276,44.0,21.0,ethan
226.3326468,427,49.24428901,24.0208243,46.01086828,23.0,ethan
226.832727,428,47.29693436,24.08318916,44.0,22.02271555,ethan
227.3708758,429,48.27007354,23.02172887,45.01110974,22.0,ethan
227.886348,430,46.09772229,23.02172887,45.0,22.0,ethan
228.434787,431,48.05205511,23.02172887,44.0,21.0,ethan
228.956934,432,47.29693436,23.19482701,44.0,21.02379604,ethan
229.5219531,433,48.27007354,23.0,43.0,21.0,ethan
230.090184,434,48.27007354,24.0,45.0,22.0,ethan
230.6387501,435,45.35416188,22.02271555,44.01136217,21.02379604,ethan
231.1687849,436,47.29693436,23.0,44.0,22.02271555,ethan
231.709306,437,46.09772229,22.02271555,43.0,21.02379604,ethan
232.292172,438,47.07440918,23.02172887,44.01136217,22.0,ethan
232.826793,439,46.09772229,23.0,43.0,21.0,ethan
233.386348,440,47.29693436,23.02172887,44.01136217,22.02271555,ethan
233.919014,441,46.09772229,23.02172887,43.0,21.0,ethan
234.465239,442,47.07440918,23.0,44.0,22.0,ethan
234.9912882,443,46.09772229,22.02271555,43.0,21.0,ethan
235.6642959,444,47.07440918,23.02172887,43.0,21.02379604,ethan
236.17926,445,47.29693436,23.02172887,45.0,22.0,ethan
236.6856599,446,48.05205511,23.08679276,45.0,22.0,ethan
237.1947899,447,47.29693436,23.02172887,45.01110974,22.0,ethan
237.7147529,448,45.89117562,22.02271555,43.0,21.0,ethan
238.243233,449,48.83646179,24.0,45.01110974,22.0,ethan
238.786864,450,50.009999,25.0,48.01041554,23.0,ethan
239.3057001,451,47.07440918,23.0,43.0,21.02379604,ethan
239.8517499,452,45.89117562,23.0,44.01136217,22.09072203,ethan
240.7087901,453,47.29693436,23.08679276,45.0,21.0,ethan
241.2326741,454,47.07440918,23.02172887,44.0,21.02379604,ethan
241.7877882,455,49.03060269,24.0,46.04345773,23.08679276,ethan
242.314286,456,48.05205511,24.0208243,45.0,22.0,ethan
242.8317399,457,46.09772229,23.02172887,44.0,22.0,ethan
243.9053252,458,47.5394573,23.08679276,45.01110974,22.0,ethan
244.4099791,459,48.05205511,24.0208243,46.01086828,22.0,ethan
244.9172571,460,49.24428901,24.0208243,46.0,23.02172887,ethan
245.450197,461,47.07440918,23.02172887,44.01136217,22.02271555,ethan
246.0201101,462,47.07440918,23.08679276,44.0,22.02271555,ethan
246.5304399,463,48.50773134,23.08679276,46.0,23.02172887,ethan
247.0887191,464,46.32493929,23.02172887,44.0,22.0,ethan
247.6925409,465,48.27007354,24.08318916,45.0,22.02271555,ethan
248.2214711,466,47.07440918,23.02172887,43.01162634,21.0,ethan
248.7174389,467,45.35416188,22.09072203,43.0,21.0,ethan
249.268754,468,50.44799302,24.08318916,45.01110974,22.02271555,ethan
249.8106618,469,47.5394573,23.08679276,44.0,22.02271555,ethan
250.3986659,470,48.27007354,23.08679276,46.0,22.02271555,ethan
250.943404,471,47.29693436,23.08679276,44.01136217,21.02379604,ethan
251.4804201,472,48.50773134,23.08679276,45.01110974,23.0,ethan
252.0162859,473,46.09772229,23.08679276,45.01110974,22.02271555,ethan
252.5199239,474,46.32493929,22.20360331,43.0,21.0,ethan
253.0247822,475,50.21951812,24.08318916,46.01086828,22.0,ethan
253.5262661,476,46.32493929,22.09072203,43.01162634,21.09502311,ethan
254.0355511,477,48.27007354,23.08679276,44.01136217,21.02379604,ethan
254.529958,478,47.29693436,23.08679276,44.01136217,21.02379604,ethan
255.0607281,479,48.50773134,23.19482701,45.0,22.02271555,ethan
255.562516,480,47.07440918,23.08679276,43.01162634,21.0,ethan
256.144738,481,48.50773134,24.08318916,44.0,22.0,ethan
256.644953,482,48.27007354,24.08318916,45.0,22.02271555,ethan
257.1434109,483,47.29693436,23.02172887,44.0,21.02379604,ethan
257.6541371,484,47.29693436,23.02172887,44.01136217,22.02271555,ethan
258.183018,485,48.50773134,23.19482701,45.0,22.0,ethan
258.7177422,486,47.07440918,23.02172887,44.0,21.02379604,ethan
259.668776,487,46.32493929,22.02271555,43.01162634,21.0,ethan
260.1670358,488,45.35416188,22.02271555,43.0,21.0,ethan
261.1567249,489,47.07440918,23.02172887,44.01136217,22.0,ethan
261.9392262,490,46.32493929,22.02271555,44.0,21.0,ethan
262.432749,491,47.07440918,23.02172887,43.0,21.02379604,ethan
262.9390521,492,46.32493929,23.02172887,44.0,21.0,ethan
263.4411421,493,47.07440918,23.02172887,44.01136217,22.02271555,ethan
264.0015171,494,47.07440918,23.02172887,45.01110974,22.02271555,ethan
264.5189471,495,50.009999,24.0,47.01063709,23.0,ethan
265.0340149,496,46.32493929,22.09072203,44.0,21.02379604,ethan
265.6106601,497,46.32493929,22.09072203,43.01162634,21.0,ethan
266.2495759,498,47.07440918,23.02172887,44.0,21.0,ethan
266.8865862,499,50.99019514,25.0,47.04253395,23.08679276,ethan
267.5170639,500,46.09772229,22.09072203,43.0,21.0,ethan
268.1072671,501,46.09772229,22.02271555,43.0,21.0,ethan
268.6516118,502,48.27007354,23.08679276,45.01110974,22.02271555,ethan
269.178457,503,47.07440918,23.02172887,44.0,21.0,ethan
269.6884632,504,48.27007354,23.02172887,44.0,22.0,ethan
270.1897202,505,46.32493929,23.02172887,43.0,21.02379604,ethan
270.699491,506,47.29693436,23.08679276,44.01136217,22.0,ethan
271.2238779,507,48.27007354,24.08318916,45.01110974,22.02271555,ethan
271.873316,508,47.5394573,23.19482701,45.04442252,22.09072203,ethan
272.5391092,509,49.24428901,25.01999201,46.01086828,22.0,ethan
273.184854,510,47.29693436,23.08679276,44.01136217,21.02379604,ethan
274.078335,511,46.09772229,22.09072203,43.0464865,21.02379604,ethan
275.0268769,512,49.24428901,24.08318916,46.04345773,22.02271555,ethan
275.8296351,513,49.24428901,24.0,46.01086828,23.02172887,ethan
276.7489989,514,48.27007354,24.0208243,44.0,22.0,ethan
277.5794661,515,47.07440918,23.0,44.0,22.02271555,ethan
278.210885,516,44.14748011,22.02271555,43.0,21.0,ethan
278.878576,517,44.91102315,22.02271555,43.01162634,21.02379604,ethan
279.5103312,518,45.89117562,23.0,43.0,21.0,ethan
280.1520782,519,46.09772229,23.02172887,42.0,20.0,ethan
280.763869,520,45.12205669,22.02271555,42.0,21.0,ethan
281.34729,521,44.38468204,22.09072203,41.01219331,20.0,ethan
282.0142422,522,48.05205511,24.0208243,45.01110974,22.02271555,ethan
282.6256649,523,48.27007354,24.0208243,45.01110974,22.02271555,ethan
283.6462281,524,48.27007354,24.0,45.0,22.0,ethan
284.1924951,525,49.24428901,24.0208243,45.01110974,22.02271555,ethan
284.7441809,526,47.07440918,23.02172887,44.01136217,22.02271555,ethan
285.3023369,527,46.32493929,23.08679276,44.0,22.02271555,ethan
285.8463821,528,45.35416188,22.09072203,42.0,21.02379604,ethan
286.683706,529,46.87216658,23.0,43.01162634,21.02379604,ethan
287.2817762,530,48.05205511,24.0,44.0,21.0,ethan
287.7763479,531,46.09772229,22.02271555,44.0,21.0,ethan
288.306263,532,46.09772229,23.02172887,44.01136217,22.0,ethan
288.9732571,533,46.09772229,23.0,43.01162634,21.0,ethan
289.7647691,534,46.09772229,23.0,44.0,21.0,ethan
290.4966972,535,50.21951812,25.07987241,46.01086828,23.08679276,ethan
291.1292758,536,47.07440918,23.02172887,43.01162634,21.09502311,ethan
291.83548,537,47.07440918,23.02172887,43.01162634,21.02379604,ethan
292.3392839,538,45.12205669,22.0,42.0,21.0,ethan
292.8561499,539,47.07440918,23.02172887,44.0,22.02271555,ethan
293.393868,540,49.24428901,24.0,45.01110974,22.0,ethan
293.921752,541,45.12205669,22.09072203,42.0,21.02379604,ethan
294.4326191,542,48.05205511,23.02172887,44.0,21.0,ethan
294.9312301,543,47.29693436,23.08679276,43.01162634,21.02379604,ethan
295.4386969,544,45.35416188,22.09072203,41.0,20.0,ethan
295.9460261,545,47.29693436,23.02172887,43.01162634,21.02379604,ethan
296.4738529,546,48.27007354,23.08679276,44.01136217,21.02379604,ethan
297.002728,547,47.29693436,23.08679276,43.01162634,21.09502311,ethan
297.5081799,548,44.14748011,21.02379604,42.0,20.02498439,ethan
298.0160818,549,47.29693436,23.02172887,43.0,21.02379604,ethan
298.52423,550,47.07440918,23.02172887,44.0,22.0,ethan
299.0341399,551,45.35416188,22.09072203,41.0,20.02498439,ethan
299.5476859,552,47.29693436,23.08679276,44.01136217,22.02271555,ethan
300.1124868,553,44.14748011,22.02271555,41.01219331,20.02498439,ethan
300.6160209,554,46.09772229,23.02172887,42.0,21.0,ethan
301.1356161,555,48.50773134,23.08679276,44.0,21.0,ethan
301.6328981,556,45.607017,22.09072203,42.0,21.02379604,ethan
302.1592481,557,44.14748011,21.0,40.0,19.02629759,ethan
302.703707,558,46.09772229,22.02271555,41.01219331,20.02498439,ethan
303.8746519,559,45.35416188,22.02271555,40.01249805,20.0,ethan
304.8637891,560,43.17406629,21.02379604,40.0,20.02498439,ethan
305.6641221,561,45.12205669,22.0,41.0,20.09975124,ethan
306.4466739,562,45.12205669,22.02271555,41.0,20.0,ethan
307.3571892,563,45.35416188,22.02271555,41.0,20.09975124,ethan
308.2206101,564,44.14748011,22.02271555,40.0,20.02498439,ethan
308.9868622,565,45.12205669,22.02271555,41.0,21.09502311,ethan
309.8453739,566,43.41658669,21.02379604,40.01249805,20.02498439,ethan
310.3470988,567,43.17406629,21.02379604,41.0,20.02498439,ethan
310.9298999,568,44.14748011,22.02271555,41.01219331,20.02498439,ethan
311.521204,569,44.38468204,21.09502311,39.0,19.0,ethan
312.35711,570,46.32493929,22.02271555,42.0,20.0,ethan
313.0546501,571,44.38468204,21.09502311,41.0,20.02498439,ethan
313.5647428,572,44.14748011,21.0,40.0,20.0,ethan
314.036063,573,43.41658669,21.02379604,40.01249805,20.0,ethan
314.4818518,574,41.23105626,20.09975124,37.01351105,18.02775638,ethan
314.9024909,575,44.38468204,21.02379604,41.0,20.02498439,ethan
315.4071009,576,43.41658669,21.02379604,41.0,20.0,ethan
316.0220811,577,40.26164428,19.10497317,38.0,19.02629759,ethan
316.565917,578,41.48493703,20.02498439,39.0,19.02629759,ethan
317.1142509,579,42.20189569,20.02498439,39.0,19.02629759,ethan
317.5728409,580,42.20189569,20.0,40.0,20.02498439,ethan
318.0739489,581,43.41658669,21.09502311,40.0,20.09975124,ethan
318.564028,582,41.23105626,20.02498439,39.01281841,19.02629759,ethan
319.0733912,583,40.26164428,20.02498439,39.0,19.02629759,ethan
319.5426199,584,40.02499219,19.02629759,37.01351105,18.0,ethan
320.0468218,585,40.26164428,19.02629759,37.01351105,18.02775638,ethan
320.56936,586,38.07886553,18.02775638,36.05551275,18.02775638,ethan
321.04355,587,39.05124838,19.02629759,36.05551275,18.02775638,ethan
321.519558,588,38.07886553,19.02629759,36.0,18.02775638,ethan
321.9974799,589,36.40054945,17.02938637,34.05877273,17.02938637,ethan
322.4819012,590,36.87817783,18.0,34.0147027,17.0,ethan
323.026216,591,36.138622,17.0,33.06055051,16.03121954,ethan
323.5391538,592,35.90264614,17.0,34.05877273,17.02938637,ethan
324.158452,593,33.95585369,16.03121954,32.06243908,15.03329638,ethan
324.7463071,594,33.24154028,16.03121954,32.06243908,16.03121954,ethan
325.2559681,595,32.01562119,15.0,31.06444913,15.03329638,ethan
325.752933,596,32.984845,16.0,32.14031736,16.1245155,ethan
326.2584882,597,30.08321791,14.0,29.27456234,14.31782106,ethan
326.8198431,598,29.83286778,14.03566885,29.06888371,14.0,ethan
327.373301,599,26.68332813,13.03840481,27.07397274,13.0,ethan
327.9031601,600,29.12043956,14.03566885,28.0713377,13.15294644,ethan
328.4225862,601,26.2488095,12.16552506,26.17250466,13.15294644,ethan
328.9323421,602,26.68332813,13.15294644,27.16615541,13.0,ethan
329.4379241,603,25.70992026,12.16552506,26.17250466,13.15294644,ethan
330.0999901,604,26.92582404,13.03840481,26.01922366,12.04159458,ethan
330.764888,605,25.0,12.04159458,25.17935662,12.16552506,ethan
331.244637,606,25.96150997,12.0,26.17250466,13.0,ethan
331.728132,607,23.76972865,11.0,24.18677324,12.16552506,ethan
332.2368362,608,24.73863375,12.0,24.18677324,11.18033989,ethan
332.7390249,609,24.73863375,12.04159458,23.19482701,11.18033989,ethan
333.2653282,610,24.04163056,11.0,22.20360331,10.19803903,ethan
333.920265,611,24.04163056,11.04536102,23.53720459,11.40175425,ethan
334.477767,612,23.08679276,10.04987562,22.36067977,10.44030651,ethan
335.083318,613,23.76972865,11.0,22.36067977,11.18033989,ethan
335.691721,614,24.73863375,12.04159458,23.34523506,11.70469991,ethan
336.3626711,615,22.8035085,11.0,21.37755833,10.44030651,ethan
336.9632142,616,22.8035085,11.0,23.19482701,11.70469991,ethan
337.5538938,617,24.73863375,12.0,21.37755833,10.77032961,ethan
338.1247849,618,24.04163056,11.04536102,22.20360331,10.44030651,ethan
338.6860149,619,24.04163056,11.04536102,22.36067977,10.44030651,ethan
339.246978,620,22.8035085,11.0,21.21320344,10.19803903,ethan
339.7511711,621,23.76972865,12.04159458,23.34523506,12.08304597,ethan
340.310148,622,21.84032967,10.04987562,21.58703314,10.77032961,ethan
340.844203,623,21.84032967,10.0,21.37755833,10.44030651,ethan
341.367147,624,23.53720459,11.0,22.36067977,10.77032961,ethan
341.92733,625,22.13594362,10.19803903,21.37755833,10.44030651,ethan
342.5067189,626,23.76972865,11.0,22.36067977,10.77032961,ethan
343.1552629,627,23.08679276,11.04536102,22.20360331,10.44030651,ethan
343.6765151,628,20.88061302,10.04987562,19.41648784,9.486832981,ethan
344.2292621,629,21.84032967,10.04987562,20.39607805,9.486832981,ethan
344.8042231,630,20.61552813,9.219544457,19.23538406,8.246211251,ethan
345.361311,631,28.46049894,13.34166406,26.01922366,12.16552506,ethan
345.9605441,632,24.04163056,11.18033989,22.20360331,10.44030651,ethan
346.6797171,633,21.1896201,10.44030651,19.23538406,9.486832981,ethan
347.2224839,634,25.0,12.16552506,24.08318916,11.40175425,ethan
347.8440881,635,25.29822128,11.04536102,24.0208243,11.40175425,ethan
348.4462349,636,20.24845673,9.055385138,18.24828759,8.246211251,ethan
348.9770451,637,20.88061302,9.219544457,19.23538406,9.848857802,ethan
349.5572879,638,25.29822128,11.18033989,22.09072203,10.44030651,ethan
350.1232011,639,22.13594362,10.44030651,20.39607805,10.29563014,ethan
350.724122,640,21.1896201,9.486832981,19.23538406,9.486832981,ethan
351.2709329,641,22.13594362,9.486832981,20.22374842,9.486832981,ethan
351.8016961,642,23.08679276,10.19803903,19.23538406,8.94427191,ethan
352.3245308,643,21.84032967,10.44030651,20.22374842,9.486832981,ethan
352.850961,644,28.86173938,13.15294644,27.16615541,13.34166406,ethan
353.382261,645,24.51530134,11.04536102,22.20360331,10.77032961,ethan
353.919271,646,19.6468827,9.055385138,21.58703314,10.81665383,ethan
354.477809,647,20.61552813,9.848857802,18.24828759,8.94427191,ethan
355.3434539,648,20.88061302,9.055385138,18.43908891,9.433981132,ethan
355.9041691,649,19.31320792,8.544003745,19.6468827,9.433981132,ethan
356.533953,650,18.97366596,8.062257748,17.4642492,8.062257748,ethan
357.330121,651,18.97366596,8.544003745,18.43908891,9.433981132,ethan
358.296483,652,27.65863337,13.03840481,25.17935662,12.64911064,ethan
359.0708699,653,20.88061302,9.219544457,17.72004515,8.94427191,ethan
359.677803,654,19.6468827,9.055385138,18.02775638,10.0,ethan
360.2549119,655,37.85498646,18.11077028,37.05401463,17.4642492,ethan
360.805289,656,36.87817783,17.11724277,35.12833614,16.76305461,ethan
361.331857,657,16.15549442,7.280109889,15.8113883,7.211102551,ethan
361.8198149,658,17.72004515,8.246211251,18.02775638,9.899494937,ethan
362.3259699,659,24.04163056,10.19803903,21.58703314,10.81665383,ethan
362.8280959,660,34.92849839,16.1245155,35.0142828,17.2626765,ethan
363.5686212,661,24.51530134,11.04536102,22.20360331,10.44030651,ethan
364.1410649,662,26.92582404,12.36931688,25.3179778,11.40175425,ethan
364.7071722,663,23.76972865,11.18033989,20.61552813,10.81665383,ethan
365.18068,664,21.58703314,10.19803903,18.68154169,9.433981132,ethan
365.69087,665,27.89265136,13.15294644,25.17935662,12.36931688,ethan
366.1210871,666,24.73863375,11.40175425,23.02172887,11.18033989,ethan
366.5378129,667,18.02775638,8.062257748,16.15549442,7.810249676,ethan
366.9641559,668,19.92485885,9.055385138,17.2626765,7.615773106,ethan
367.4610901,669,18.38477631,8.246211251,16.2788206,7.615773106,ethan
367.9385331,670,18.02775638,8.246211251,17.2626765,8.246211251,ethan
368.400466,671,20.88061302,9.219544457,18.68154169,8.94427191,ethan
368.8592262,672,21.58703314,10.04987562,18.43908891,9.433981132,ethan
369.3415201,673,19.6468827,9.055385138,18.43908891,8.94427191,ethan
369.812546,674,19.41648784,9.055385138,18.68154169,9.433981132,ethan
370.2811201,675,30.41381265,15.03329638,31.06444913,15.13274595,ethan
370.755703,676,17.4642492,8.062257748,15.5241747,7.615773106,ethan
371.2515509,677,20.88061302,10.19803903,19.6468827,10.0,ethan
371.7040231,678,20.61552813,9.0,19.6468827,9.433981132,ethan
372.1692841,679,19.6468827,9.055385138,19.6468827,9.848857802,ethan
372.6397431,680,28.86173938,13.34166406,27.16615541,13.60147051,ethan
373.113399,681,16.76305461,8.246211251,14.56021978,7.810249676,ethan
373.5681658,682,25.70992026,12.04159458,22.36067977,10.77032961,ethan
374.016573,683,22.8035085,10.04987562,21.37755833,9.848857802,ethan
374.5234339,684,18.97366596,8.246211251,18.02775638,9.899494937,ethan
375.026433,685,20.88061302,9.219544457,19.6468827,9.433981132,ethan
375.690623,686,14.86606875,6.32455532,13.0,7.071067812,ethan
376.3553269,687,18.97366596,8.062257748,17.72004515,8.602325267,ethan
377.125525,688,16.76305461,7.071067812,16.15549442,9.219544457,ethan
377.8876381,689,15.8113883,7.071067812,15.23154621,9.219544457,ethan
378.6584971,690,17.72004515,8.062257748,16.4924225,8.062257748,ethan
379.2526982,691,19.6468827,9.0,18.97366596,9.433981132,ethan
379.7649491,692,14.56021978,6.0,15.23154621,8.485281374,ethan
380.2851031,693,15.8113883,7.280109889,15.23154621,9.219544457,ethan
380.817138,694,15.8113883,7.071067812,16.15549442,7.810249676,ethan
381.317389,695,17.72004515,8.062257748,17.08800749,9.219544457,ethan
381.893352,696,16.4924225,7.0,17.4642492,9.219544457,ethan
382.3836141,697,15.5241747,7.0,14.86606875,7.810249676,ethan
382.8533361,698,25.70992026,13.15294644,25.17935662,12.36931688,ethan
383.312027,699,18.97366596,8.062257748,16.4924225,8.062257748,ethan
383.7978392,700,28.86173938,13.03840481,28.0713377,13.34166406,ethan
384.2600031,701,17.08800749,8.062257748,16.76305461,8.062257748,ethan
384.6803861,702,15.8113883,7.071067812,13.92838828,7.810249676,ethan
385.1126881,703,17.4642492,8.246211251,16.76305461,9.433981132,ethan
385.5437078,704,21.58703314,10.19803903,18.68154169,8.94427191,ethan
385.978646,705,18.68154169,9.055385138,16.4924225,7.615773106,ethan
386.431185,706,27.45906044,13.03840481,27.29468813,13.60147051,ethan
386.882293,707,32.75667871,15.29705854,32.06243908,15.5241747,ethan
387.3203671,708,32.55764119,16.03121954,32.14031736,15.5241747,ethan
387.8004732,709,27.45906044,13.0,27.16615541,13.34166406,ethan
388.5096209,710,27.89265136,13.15294644,26.17250466,12.36931688,ethan
388.949753,711,25.70992026,12.16552506,24.18677324,12.36931688,ethan
389.402914,712,24.73863375,11.04536102,24.08318916,11.40175425,ethan
389.8654611,713,35.6931366,17.2626765,35.12833614,16.4924225,ethan
390.33955,714,31.78049716,15.29705854,30.14962686,14.56021978,ethan
390.80532,715,21.84032967,10.04987562,20.39607805,9.848857802,ethan
391.2947981,716,26.92582404,13.15294644,26.07680962,12.36931688,ethan
391.769963,717,17.72004515,8.0,15.29705854,7.280109889,ethan
392.2292991,718,18.68154169,8.062257748,16.4924225,8.602325267,ethan
392.719358,719,29.83286778,14.14213562,30.14962686,14.56021978,ethan
393.1715322,720,19.6468827,9.055385138,17.4642492,8.062257748,ethan
393.645184,721,14.56021978,6.0,13.60147051,7.211102551,ethan
394.170609,722,14.86606875,7.071067812,13.41640786,7.071067812,ethan
394.6650031,723,17.72004515,8.0,17.2626765,8.544003745,ethan
395.171778,724,22.8035085,11.18033989,20.61552813,9.848857802,ethan
395.6965072,725,26.68332813,13.03840481,26.30589288,13.0,ethan
396.272897,726,34.20526275,16.2788206,33.06055051,15.29705854,ethan
396.755897,727,16.76305461,8.062257748,15.23154621,7.810249676,ethan
397.2758882,728,32.75667871,15.29705854,32.14031736,15.5241747,ethan
397.7589819,729,27.65863337,13.15294644,27.29468813,13.60147051,ethan
398.2478621,730,27.65863337,13.15294644,26.30589288,12.64911064,ethan
398.8025861,731,29.42787794,14.14213562,27.29468813,13.60147051,ethan
399.2923269,732,30.8058436,14.14213562,30.14962686,14.56021978,ethan
399.7787368,733,32.984845,15.5241747,32.14031736,15.5241747,ethan
400.2661629,734,33.73425559,16.2788206,31.06444913,15.29705854,ethan
400.757427,735,32.55764119,15.13274595,31.144823,15.5241747,ethan
401.2520032,736,33.54101966,16.03121954,32.14031736,15.5241747,ethan
401.7294779,737,33.73425559,16.2788206,33.13608305,16.4924225,ethan
402.2182028,738,23.53720459,11.04536102,22.36067977,11.18033989,ethan
402.7246451,739,34.71310992,16.1245155,35.12833614,16.4924225,ethan
403.2246258,740,16.76305461,7.071067812,16.15549442,9.219544457,ethan
403.7647071,741,25.49509757,12.04159458,25.17935662,12.36931688,ethan
404.2606039,742,35.6931366,17.2626765,34.13209633,17.08800749,ethan
404.7467611,743,26.30589288,13.0,25.17935662,12.36931688,ethan
405.263145,744,35.6931366,17.11724277,35.12833614,16.76305461,ethan
405.7819519,745,35.51056181,17.11724277,34.13209633,16.4924225,ethan
406.297513,746,22.56102835,11.04536102,22.20360331,10.44030651,ethan
406.8166521,747,16.76305461,7.0,14.56021978,7.211102551,ethan
407.3502111,748,23.53720459,11.0,22.20360331,10.44030651,ethan
407.875864,749,18.97366596,8.062257748,16.4924225,7.615773106,ethan
408.388216,750,30.8058436,15.03329638,31.40063694,15.8113883,ethan
408.932744,751,22.8035085,11.04536102,20.39607805,9.848857802,ethan
409.443296,752,21.58703314,10.0,21.37755833,9.848857802,ethan
410.007262,753,15.8113883,7.071067812,15.8113883,8.602325267,ethan
410.542165,754,16.76305461,7.280109889,15.8113883,8.602325267,ethan
411.0825911,755,14.86606875,7.071067812,14.31782106,7.810249676,ethan
411.6142731,756,18.68154169,8.062257748,17.4642492,8.062257748,ethan
412.109302,757,17.72004515,8.0,17.72004515,8.544003745,ethan
412.6271889,758,16.4924225,7.071067812,16.15549442,7.810249676,ethan
413.1494651,759,14.56021978,6.0,14.86606875,7.810249676,ethan
413.6980119,760,14.86606875,6.32455532,14.31782106,7.810249676,ethan
414.256844,761,16.4924225,8.0,13.92838828,7.211102551,ethan
414.7602801,762,16.4924225,8.0,14.86606875,7.211102551,ethan
415.2579341,763,18.68154169,8.062257748,16.4924225,7.615773106,ethan
415.758184,764,13.92838828,6.08276253,13.41640786,6.403124237,ethan
416.2737269,765,16.76305461,8.0,15.8113883,8.062257748,ethan
416.7835851,766,15.5241747,7.071067812,17.4642492,9.219544457,ethan
417.3171399,767,14.56021978,7.071067812,14.31782106,7.810249676,ethan
417.8598661,768,15.5241747,7.0,15.23154621,7.211102551,ethan
418.3795719,769,13.92838828,6.08276253,14.31782106,7.211102551,ethan
418.9854112,770,14.31782106,7.0,15.23154621,8.485281374,ethan
419.5047491,771,19.41648784,9.055385138,18.43908891,9.433981132,ethan
420.0065899,772,15.29705854,7.071067812,16.15549442,8.062257748,ethan
420.5251191,773,12.64911064,6.0,13.41640786,7.071067812,ethan
421.0471721,774,15.5241747,6.08276253,15.23154621,7.810249676,ethan
421.5593028,775,12.52996409,5.099019514,12.20655562,5.656854249,ethan
422.0803201,776,15.8113883,7.0,15.23154621,7.810249676,ethan
422.6364841,777,16.76305461,8.0,17.08800749,8.602325267,ethan
423.3522592,778,12.64911064,6.08276253,13.03840481,7.071067812,ethan
423.876801,779,13.92838828,6.0,13.03840481,7.071067812,ethan
424.38851,780,15.8113883,7.071067812,16.15549442,7.810249676,ethan
424.9100852,781,15.8113883,7.0,14.86606875,6.708203932,ethan
425.4568388,782,19.6468827,9.0,18.24828759,8.246211251,ethan
425.9740622,783,20.88061302,9.219544457,19.6468827,10.29563014,ethan
426.527478,784,18.68154169,8.0,16.4924225,7.615773106,ethan
427.060674,785,15.8113883,7.0,15.8113883,8.062257748,ethan
427.567081,786,20.61552813,9.0,18.43908891,8.544003745,ethan
428.1282439,787,15.29705854,7.071067812,17.08800749,8.062257748,ethan
428.725282,788,12.64911064,5.099019514,12.08304597,5.656854249,ethan
429.3555951,789,15.8113883,7.0,15.8113883,7.211102551,ethan
429.9001122,790,19.41648784,9.0,18.43908891,8.544003745,ethan
430.4119539,791,18.43908891,9.219544457,18.68154169,8.94427191,ethan
430.9367139,792,14.56021978,7.071067812,15.23154621,7.211102551,ethan
431.4892621,793,16.4924225,7.0,15.8113883,7.615773106,ethan
432.0537829,794,14.14213562,6.32455532,13.92838828,6.403124237,ethan
432.6063941,795,15.29705854,7.0,16.15549442,8.062257748,ethan
433.1331809,796,15.8113883,7.0,13.60147051,6.708203932,ethan
433.636517,797,14.31782106,7.071067812,13.92838828,5.830951895,ethan
434.150264,798,13.34166406,6.08276253,13.41640786,7.071067812,ethan
434.647732,799,16.2788206,7.280109889,15.8113883,6.708203932,ethan
435.1445072,800,16.2788206,7.280109889,17.08800749,8.062257748,ethan
435.6555898,801,16.1245155,7.280109889,15.8113883,6.708203932,ethan
436.152226,802,16.2788206,7.071067812,15.8113883,8.062257748,ethan
436.653578,803,17.11724277,8.544003745,15.5241747,7.615773106,ethan
437.1644831,804,16.2788206,8.246211251,16.76305461,7.615773106,ethan
437.6694632,805,18.43908891,8.0,16.4924225,7.280109889,ethan
438.168673,806,17.11724277,8.544003745,17.2626765,8.246211251,ethan
438.6579452,807,16.2788206,7.280109889,16.4924225,7.615773106,ethan
439.193929,808,16.4924225,7.0,16.76305461,8.246211251,ethan
439.713448,809,16.4924225,7.0,15.8113883,7.615773106,ethan
440.2596171,810,15.5241747,7.071067812,15.5241747,7.211102551,ethan
440.757859,811,17.4642492,8.0,16.76305461,7.615773106,ethan
441.3202512,812,19.41648784,9.055385138,18.43908891,9.055385138,ethan
441.854599,813,16.2788206,7.071067812,17.08800749,7.615773106,ethan
442.3658082,814,18.43908891,9.219544457,17.72004515,8.544003745,ethan
442.8868601,815,17.2626765,8.246211251,16.76305461,7.615773106,ethan
443.4075332,816,14.86606875,7.071067812,15.5241747,6.708203932,ethan
443.9246399,817,16.4924225,8.0,16.76305461,8.062257748,ethan
444.4440751,818,16.4924225,8.062257748,15.8113883,8.062257748,ethan
444.944849,819,17.72004515,8.0,17.72004515,8.94427191,ethan
445.4187179,820,19.6468827,9.0,18.68154169,9.433981132,ethan
445.936414,821,17.4642492,8.0,16.76305461,8.062257748,ethan
446.4455009,822,17.72004515,8.0,17.4642492,7.615773106,ethan
446.949939,823,17.72004515,8.0,16.4924225,7.615773106,ethan
447.4449239,824,17.72004515,8.062257748,16.4924225,8.062257748,ethan
447.9235609,825,16.4924225,7.0,16.2788206,7.280109889,ethan
448.3976719,826,17.4642492,8.0,16.76305461,7.615773106,ethan
448.8940699,827,17.72004515,8.0,17.4642492,8.94427191,ethan
449.403868,828,15.8113883,7.071067812,15.5241747,7.615773106,ethan
449.8899651,829,15.8113883,7.0,15.5241747,6.708203932,ethan
450.3877239,830,15.8113883,7.071067812,15.29705854,7.280109889,ethan
450.83548,831,14.86606875,6.32455532,15.5241747,7.280109889,ethan
451.3555012,832,16.2788206,8.0,15.5241747,7.280109889,ethan
451.8731611,833,16.76305461,7.0,16.4924225,7.615773106,ethan
452.4610271,834,17.72004515,8.0,18.68154169,8.94427191,ethan
452.9607911,835,19.6468827,9.055385138,21.37755833,11.18033989,ethan
453.512152,836,20.61552813,10.0,20.61552813,9.848857802,ethan
454.0386569,837,19.6468827,9.0,20.22374842,9.486832981,ethan
454.5468531,838,18.68154169,9.0,18.68154169,8.544003745,ethan
455.1145432,839,21.58703314,10.04987562,20.39607805,10.77032961,ethan
455.642262,840,21.84032967,10.0,21.37755833,10.19803903,ethan
456.162077,841,22.56102835,10.0,22.36067977,10.44030651,ethan
456.654604,842,20.88061302,9.219544457,20.39607805,9.486832981,ethan
457.14891,843,19.92485885,9.0,19.23538406,9.486832981,ethan
457.658823,844,21.84032967,10.0,22.20360331,10.19803903,ethan
458.1747541,845,21.84032967,11.04536102,22.36067977,10.04987562,ethan
458.9827731,846,22.56102835,11.0,21.37755833,10.44030651,ethan
460.1362581,847,20.88061302,10.0,20.61552813,10.44030651,ethan
461.869571,848,22.8035085,11.0,21.21320344,10.19803903,ethan
463.0409532,849,22.8035085,11.04536102,22.36067977,11.18033989,ethan
464.063622,850,24.04163056,11.18033989,23.34523506,11.18033989,ethan
465.1144052,851,24.04163056,12.04159458,22.20360331,11.18033989,ethan
466.240772,852,21.84032967,10.04987562,22.36067977,11.18033989,ethan
468.0788412,853,23.40939982,11.04536102,23.19482701,11.04536102,ethan
468.8699479,854,22.8035085,11.04536102,21.09502311,10.04987562,ethan
469.6664069,855,23.08679276,11.04536102,22.36067977,10.04987562,ethan
470.6220989,856,26.68332813,13.03840481,25.3179778,12.16552506,ethan
471.4687459,857,25.0,11.18033989,24.08318916,12.0,ethan
472.2731462,858,24.73863375,12.04159458,24.08318916,12.04159458,ethan
473.205364,859,24.73863375,12.0,23.19482701,11.04536102,ethan
473.6761632,860,24.73863375,12.0,24.33105012,11.04536102,ethan
474.1634791,861,25.96150997,13.15294644,24.08318916,11.04536102,ethan
474.653259,862,25.96150997,12.16552506,25.17935662,12.04159458,ethan
475.135499,863,26.92582404,12.16552506,25.17935662,12.04159458,ethan
475.631489,864,25.0,12.04159458,25.17935662,12.0,ethan
476.1125939,865,26.68332813,13.03840481,25.17935662,12.04159458,ethan
476.5988691,866,26.92582404,13.03840481,26.01922366,13.03840481,ethan
477.1137359,867,26.92582404,13.03840481,25.17935662,12.0,ethan
477.5669792,868,28.86173938,14.03566885,28.16025568,14.03566885,ethan
478.0354838,869,28.86173938,14.03566885,27.29468813,13.03840481,ethan
478.496568,870,30.08321791,15.13274595,27.07397274,13.03840481,ethan
478.9897311,871,29.83286778,14.03566885,29.15475947,14.14213562,ethan
479.4554811,872,26.92582404,13.15294644,27.07397274,13.03840481,ethan
479.908756,873,30.8058436,15.0,29.15475947,14.03566885,ethan
480.421768,874,29.12043956,14.14213562,28.16025568,13.0,ethan
480.86676,875,30.59411708,15.0,29.06888371,14.0,ethan
481.3191891,876,30.8058436,15.03329638,30.06659276,15.0,ethan
481.7669001,877,29.12043956,14.14213562,28.0713377,13.0,ethan
482.4900072,878,31.57530681,15.03329638,32.06243908,15.03329638,ethan
483.1684432,879,32.75667871,16.1245155,32.14031736,16.1245155,ethan
483.647243,880,32.55764119,16.0,31.144823,15.03329638,ethan
484.1749179,881,33.95585369,16.1245155,32.06243908,16.0,ethan
484.646467,882,31.04834939,15.13274595,28.0713377,13.0,ethan
485.1673222,883,32.75667871,16.0,31.01612484,15.03329638,ethan
485.726634,884,30.8058436,15.0,29.01723626,14.0,ethan
486.291095,885,33.73425559,17.02938637,33.01514804,16.03121954,ethan
486.7809401,886,31.57530681,16.03121954,30.06659276,14.0,ethan
487.304589,887,33.73425559,17.02938637,31.06444913,15.03329638,ethan
487.8209181,888,33.73425559,17.02938637,31.06444913,15.03329638,ethan
488.4194491,889,33.54101966,17.0,33.13608305,16.1245155,ethan
488.9740028,890,34.92849839,17.0,33.06055051,16.0,ethan
489.5226612,891,34.92849839,17.02938637,33.06055051,16.1245155,ethan
490.052902,892,33.95585369,16.1245155,32.06243908,15.0,ethan
490.7001851,893,34.71310992,17.0,33.01514804,16.03121954,ethan
491.2900269,894,32.984845,16.03121954,31.01612484,15.03329638,ethan
491.8599832,895,35.17101079,17.2626765,33.01514804,16.03121954,ethan
492.379117,896,35.17101079,17.2626765,33.06055051,16.0,ethan
492.8897679,897,34.20526275,16.1245155,33.06055051,16.03121954,ethan
493.3836219,898,35.90264614,17.02938637,34.05877273,17.02938637,ethan
493.8749549,899,36.67424164,18.02775638,35.05709629,17.02938637,ethan
494.355489,900,35.90264614,18.11077028,33.06055051,16.0,ethan
494.8567832,901,36.138622,17.11724277,34.05877273,17.0,ethan
495.3546231,902,32.984845,15.13274595,32.01562119,16.0,ethan
495.8150079,903,37.10795063,18.11077028,36.01388621,18.0,ethan
496.2804101,904,36.138622,17.2626765,34.05877273,16.03121954,ethan
496.7434082,905,36.138622,17.11724277,35.05709629,17.02938637,ethan
497.1739771,906,36.138622,17.11724277,34.0147027,17.0,ethan
497.607069,907,33.95585369,16.03121954,32.0,16.1245155,ethan
498.067399,908,37.85498646,18.02775638,36.01388621,18.0,ethan
498.5583301,909,36.87817783,18.02775638,33.01514804,16.0,ethan
499.005229,910,37.85498646,18.02775638,35.0,17.02938637,ethan
499.4475799,911,35.90264614,17.11724277,35.0142828,17.0,ethan
499.8843431,912,32.984845,16.03121954,32.06243908,16.0,ethan
500.3420219,913,37.10795063,18.11077028,36.05551275,18.02775638,ethan
500.9037111,914,37.10795063,18.02775638,35.0,17.02938637,ethan
501.368305,915,39.29376541,19.10497317,37.01351105,18.0,ethan
501.8356581,916,40.02499219,19.10497317,39.01281841,19.0,ethan
502.289958,917,41.0,20.09975124,38.01315562,19.02629759,ethan
502.764842,918,39.81205847,19.02629759,38.01315562,19.0,ethan
503.2359681,919,41.0,20.09975124,40.0,20.02498439,ethan
503.7141371,920,41.97618372,21.09502311,40.01249805,19.02629759,ethan
504.218807,921,40.79215611,20.0,39.01281841,19.0,ethan
504.7273412,922,42.44997055,21.02379604,40.0,20.02498439,ethan
505.225455,923,41.0,20.02498439,38.0,19.0,ethan
505.733855,924,42.20189569,21.02379604,39.0,19.02629759,ethan
506.2809129,925,43.17406629,21.02379604,40.01249805,20.02498439,ethan
506.7908731,926,42.44997055,20.09975124,39.0,19.02629759,ethan
507.3162072,927,42.20189569,21.09502311,39.0,20.0,ethan
507.826185,928,42.44997055,20.09975124,39.0,19.10497317,ethan
508.3350699,929,43.68065934,21.09502311,40.0,20.22374842,ethan
508.8469801,930,45.12205669,22.02271555,41.0,20.02498439,ethan
509.5519149,931,45.12205669,23.02172887,43.0,22.02271555,ethan
510.8900008,932,41.59326869,21.09502311,40.0,20.22374842,ethan
511.612541,933,42.42640687,22.09072203,41.01219331,21.21320344,ethan
512.1372118,934,37.65634077,19.10497317,40.01249805,21.21320344,ethan
512.711638,935,43.56604182,22.09072203,43.01162634,22.09072203,ethan
513.2353458,936,40.44749683,21.21320344,40.0,21.21320344,ethan
513.722867,937,40.60788101,21.37755833,39.0,20.22374842,ethan
514.18852,938,41.59326869,21.09502311,41.01219331,21.09502311,ethan
514.5601599,939,40.60788101,21.21320344,40.01249805,21.21320344,ethan
514.934968,940,40.60788101,21.21320344,41.01219331,21.37755833,ethan
515.652343,941,42.57933771,22.20360331,42.01190308,21.09502311,ethan
516.294452,942,38.63935817,20.22374842,39.01281841,20.39607805,ethan
516.84407,943,22.47220505,10.0,21.37755833,10.44030651,ethan
